token,mean_importance_yta,mean_importance_nta,diff,count_yta_docs,count_nta_docs,abs_diff
taking,0.0,0.9690488365465005,-0.9690488365465005,0,1,0.9690488365465005
needed,0.10688293881979238,1.0,-0.8931170611802076,2,1,0.8931170611802076
video,0.0,0.8300034362918328,-0.8300034362918328,0,1,0.8300034362918328
videogames,0.21895566278201242,1.0,-0.7810443372179876,1,1,0.7810443372179876
x200b,1.0,0.23958431063505528,0.7604156893649447,1,1,0.7604156893649447
continues,1.0,0.24142229411765218,0.7585777058823479,1,1,0.7585777058823479
pushes,1.0,0.2768006588619468,0.7231993411380532,1,1,0.7231993411380532
believe,1.0,0.2940413522804686,0.7059586477195314,1,2,0.7059586477195314
airbnb,0.8781546251432508,0.2130140854683246,0.6651405396749263,1,1,0.6651405396749263
whatnot,0.12102105438629697,0.781997432729615,-0.660976378343318,1,1,0.660976378343318
hoping,0.6405065430259294,0.0,0.6405065430259294,1,0,0.6405065430259294
figured,0.0,0.638389164382286,-0.638389164382286,0,1,0.638389164382286
such,0.3625576639735163,1.0,-0.6374423360264837,1,1,0.6374423360264837
conversation,0.37472526933974154,1.0,-0.6252747306602584,1,1,0.6252747306602584
discomfort,0.9131258328747035,0.3098757895551255,0.603250043319578,1,1,0.603250043319578
boring,0.5860048164451948,0.0,0.5860048164451948,1,0,0.5860048164451948
username,0.0,0.5795971263084523,-0.5795971263084523,0,1,0.5795971263084523
frankly,0.574357050103551,0.0,0.574357050103551,1,0,0.574357050103551
m26,0.8465460000337323,0.27843169688440783,0.5681143031493244,1,1,0.5681143031493244
honestly,0.6493034714185105,0.0895102268818264,0.5597932445366841,1,1,0.5597932445366841
comments,0.0,0.5421641772583706,-0.5421641772583706,0,1,0.5421641772583706
agree,0.13273977664935768,0.6695966959981822,-0.5368569193488245,1,1,0.5368569193488245
computers,0.5181220025682742,0.0,0.5181220025682742,1,0,0.5181220025682742
thank,0.8413134440155045,0.33151561867700746,0.5097978253384969,1,2,0.5097978253384969
considering,0.8811008739377626,0.37200531089556915,0.5090955630421934,1,1,0.5090955630421934
grandpa,0.5078075763541942,0.0,0.5078075763541942,1,0,0.5078075763541942
clean,0.5027006710117883,1.0,-0.4972993289882117,1,1,0.4972993289882117
bashing,0.48562971236042335,0.0,0.48562971236042335,1,0,0.48562971236042335
admit,0.17291807320422567,0.65562106258609,-0.4827029893818643,1,1,0.4827029893818643
age,0.6818804591038125,0.2010581770260615,0.48082228207775096,1,1,0.48082228207775096
*,0.5784078590078288,0.09843332461703816,0.47997453439079063,5,4,0.47997453439079063
sht,0.0,0.4721573676324866,-0.4721573676324866,0,1,0.4721573676324866
emails,0.4587718696776998,0.0,0.4587718696776998,2,0,0.4587718696776998
grounding,0.543925011630139,1.0,-0.45607498836986105,1,1,0.45607498836986105
someone,1.0,0.5456859147777413,0.4543140852222587,1,2,0.4543140852222587
guy,0.25838199931870803,0.7067243078957244,-0.44834230857701635,2,1,0.44834230857701635
rejecting,1.0,0.5578142625045255,0.4421857374954745,1,1,0.4421857374954745
fence,0.5370710805230732,0.9769716295472106,-0.43990054902413744,2,1,0.43990054902413744
usually,0.5601210061361845,1.0,-0.43987899386381546,1,1,0.43987899386381546
dicking,0.609221197396464,0.1717667189823044,0.4374544784141596,1,1,0.4374544784141596
wrong,0.22705075551492426,0.6639644535498416,-0.4369136980349173,2,1,0.4369136980349173
angry,0.0,0.4347832898270492,-0.4347832898270492,0,1,0.4347832898270492
an,0.6013059209684873,0.1703493248285543,0.43095659613993303,4,5,0.43095659613993303
sticking,0.7100637690631059,0.27968011480722915,0.4303836542558767,1,1,0.4303836542558767
awesome,0.0,0.4294756635945944,-0.4294756635945944,0,1,0.4294756635945944
interrupting,0.42628475117433245,0.0,0.42628475117433245,1,0,0.42628475117433245
gently,1.0,0.5778586529123367,0.42214134708766327,1,1,0.42214134708766327
heard,0.7347212305884423,0.3141899873231765,0.4205312432652658,1,1,0.4205312432652658
offensive,0.698345591887783,0.27899814195642214,0.41934744993136086,1,1,0.41934744993136086
felt,0.4178449518591287,0.0,0.4178449518591287,1,0,0.4178449518591287
anxiety,0.4170985073382564,0.0,0.4170985073382564,2,0,0.4170985073382564
letting,0.34928422910550216,0.7624775441801737,-0.4131933150746715,1,1,0.4131933150746715
christmas,0.4120526777968883,0.0,0.4120526777968883,1,0,0.4120526777968883
convention,0.40907548300416796,0.0,0.40907548300416796,1,0,0.40907548300416796
brat,0.0,0.40502822367635527,-0.40502822367635527,0,1,0.40502822367635527
2am,0.0,0.4036511323936389,-0.4036511323936389,0,1,0.4036511323936389
talked,0.40219374577626654,0.0,0.40219374577626654,1,0,0.40219374577626654
decision,0.25358049480929407,0.6540710559287763,-0.4004905611194823,1,1,0.4004905611194823
grandma,0.7128749031863164,0.3140137774404663,0.3988611257458501,1,2,0.3988611257458501
sharing,0.0,0.3963056930626511,-0.3963056930626511,0,1,0.3963056930626511
down,0.0,0.3949599534444664,-0.3949599534444664,0,1,0.3949599534444664
hard,0.3935747281112733,0.0,0.3935747281112733,1,0,0.3935747281112733
subsequent,0.3909681492971612,0.0,0.3909681492971612,1,0,0.3909681492971612
bad,0.39033556590544505,0.0,0.39033556590544505,1,0,0.39033556590544505
standing,0.38999877054491444,0.0,0.38999877054491444,1,0,0.38999877054491444
try,0.38993036968925404,0.0,0.38993036968925404,1,0,0.38993036968925404
buying,1.0,0.6147769913358218,0.38522300866417825,1,1,0.38522300866417825
argument,0.888398629066376,0.5049032180643683,0.3834954110020077,2,3,0.3834954110020077
beach,0.1718120892552607,0.5514477311444468,-0.3796356418891861,1,1,0.3796356418891861
immediately,0.4901990368865002,0.11181688679071122,0.37838215009578896,2,2,0.37838215009578896
intention,0.37367074930738864,0.0,0.37367074930738864,1,0,0.37367074930738864
confrontational,0.0,0.37291485245427036,-0.37291485245427036,0,1,0.37291485245427036
further,0.5211451869091694,0.15049707038580312,0.3706481165233663,2,1,0.3706481165233663
complain,0.369899909562333,0.0,0.369899909562333,1,0,0.369899909562333
places,0.6871309093068507,0.31727257830224714,0.3698583310046036,1,1,0.3698583310046036
functional,0.0,0.36446370577789083,-0.36446370577789083,0,1,0.36446370577789083
wayyy,0.0,0.3638926632373354,-0.3638926632373354,0,1,0.3638926632373354
looking,0.5238396177720132,0.1631494982425738,0.36069011952943936,2,2,0.36069011952943936
tires,0.3598414495265173,0.0,0.3598414495265173,1,0,0.3598414495265173
arsehole,0.0,0.3598004439333256,-0.3598004439333256,0,1,0.3598004439333256
reason,0.11273199631505983,0.47209566409413756,-0.35936366777907774,1,1,0.35936366777907774
add,0.0,0.35549199077650906,-0.35549199077650906,0,1,0.35549199077650906
cruel,0.10447604970951649,0.4594717784088897,-0.35499572869937324,1,1,0.35499572869937324
stayed,0.5097482102469848,0.15505493043873816,0.3546932798082466,1,1,0.3546932798082466
coworker,0.0,0.3546277698794271,-0.3546277698794271,0,1,0.3546277698794271
/,0.0,0.354156211059963,-0.354156211059963,0,1,0.354156211059963
stupid,0.3485246607511774,0.0,0.3485246607511774,1,0,0.3485246607511774
multiple,0.7063828465334531,0.35785981219800256,0.3485230343354505,1,1,0.3485230343354505
insistence,0.3445565186276344,0.0,0.3445565186276344,1,0,0.3445565186276344
lead,0.09289668781969455,0.43577409872635064,-0.3428774109066561,1,1,0.3428774109066561
neighbors,0.6591442750850981,1.0,-0.3408557249149019,1,1,0.3408557249149019
paid,0.0,0.3401100068988684,-0.3401100068988684,0,1,0.3401100068988684
flaws,0.3372278760276628,0.0,0.3372278760276628,1,0,0.3372278760276628
buddies,0.46233398564391714,0.12708497283401549,0.33524901280990166,1,1,0.33524901280990166
apologizes,0.3341890059721628,0.0,0.3341890059721628,1,0,0.3341890059721628
headphones,0.47971802066227465,0.1456441444517747,0.33407387621049994,1,1,0.33407387621049994
old,0.635167358605997,0.30124717657903494,0.3339201820269621,2,2,0.3339201820269621
ms,0.6179554504611559,0.2844748413807387,0.33348060908041716,1,1,0.33348060908041716
chat,0.0,0.3316000590880982,-0.3316000590880982,0,1,0.3316000590880982
cancelling,0.15639942280294114,0.4847213752369173,-0.3283219524339761,1,1,0.3283219524339761
answering,0.0,0.32759423522158504,-0.32759423522158504,0,1,0.32759423522158504
bothered,0.3250206585839966,0.0,0.3250206585839966,1,0,0.3250206585839966
much,0.0,0.31941941989731537,-0.31941941989731537,0,1,0.31941941989731537
anniversay,0.686173250079429,0.36712118243649305,0.3190520676429359,1,1,0.3190520676429359
fire,0.31625181600035024,0.0,0.31625181600035024,1,0,0.31625181600035024
visibly,0.31441164829942453,0.0,0.31441164829942453,1,0,0.31441164829942453
decided,0.4954782207364584,0.18180076545929552,0.3136774552771629,1,4,0.3136774552771629
sent,0.6608018148987377,0.34721286322455613,0.31358895167418155,1,1,0.31358895167418155
italics,0.3129356588473642,0.0,0.3129356588473642,1,0,0.3129356588473642
quality,0.3124713959037197,0.0,0.3124713959037197,1,0,0.3124713959037197
zoom,0.31093765981305216,0.0,0.31093765981305216,1,0,0.31093765981305216
topic,0.31037355815323237,0.0,0.31037355815323237,1,0,0.31037355815323237
come,0.0,0.3095536562519422,-0.3095536562519422,0,1,0.3095536562519422
interest,0.0,0.3041296841750656,-0.3041296841750656,0,2,0.3041296841750656
shutting,0.3000367502872666,0.0,0.3000367502872666,1,0,0.3000367502872666
skin,0.0,0.2983536006167038,-0.2983536006167038,0,2,0.2983536006167038
afterwards,0.5520108322471212,0.25386998322253335,0.2981408490245879,1,1,0.2981408490245879
playing,0.8078752821063159,0.5108112504960343,0.2970640316102816,4,5,0.2970640316102816
blue,0.2911024055774731,0.0,0.2911024055774731,1,0,0.2911024055774731
legally,0.0,0.29056450499528647,-0.29056450499528647,0,1,0.29056450499528647
progress,0.0,0.2905264366671959,-0.2905264366671959,0,1,0.2905264366671959
bashful,0.3685483000471931,0.07942354975330547,0.2891247502938876,4,4,0.2891247502938876
check,0.28832671964899026,0.0,0.28832671964899026,1,0,0.28832671964899026
janet,0.5380501333512004,0.24980071348706864,0.2882494198641318,1,1,0.2882494198641318
showed,0.5686264802120793,0.280911215361945,0.28771526485013427,1,1,0.28771526485013427
politely,0.618872645761762,0.9050489060402424,-0.2861762602784803,2,1,0.2861762602784803
trans,0.40546178944847305,0.1198832847383914,0.28557850471008167,1,1,0.28557850471008167
virtual,0.0,0.284355949962757,-0.284355949962757,0,1,0.284355949962757
confront,0.19364918482491617,0.4767579444030476,-0.2831087595781314,1,1,0.2831087595781314
days,0.0,0.2813526546907923,-0.2813526546907923,0,2,0.2813526546907923
close,0.0,0.28027906403101177,-0.28027906403101177,0,1,0.28027906403101177
eve,0.27830477552827376,0.0,0.27830477552827376,1,0,0.27830477552827376
harsh,0.2750128681935851,0.0,0.2750128681935851,1,0,0.2750128681935851
myself,0.28417491933777783,0.556346931201136,-0.27217201186335815,1,1,0.27217201186335815
short,0.27209084757336094,0.0,0.27209084757336094,1,0,0.27209084757336094
texts,0.0,0.2693160228326669,-0.2693160228326669,0,1,0.2693160228326669
mum,0.39982303706360106,0.6674774732662243,-0.26765443620262325,3,3,0.26765443620262325
locks,0.20094576781664128,0.46859665422021357,-0.26765088640357226,4,4,0.26765088640357226
covid,0.7174198547576445,0.452063218214514,0.26535663654313046,2,2,0.26535663654313046
card,0.0,0.2615727674644832,-0.2615727674644832,0,2,0.2615727674644832
doors,0.0,0.2606658384141786,-0.2606658384141786,0,1,0.2606658384141786
yelled,0.3680962847379729,0.10880406793038996,0.25929221680758296,1,1,0.25929221680758296
entrepreneur,0.44064128773936345,0.1816575803724892,0.25898370736687426,1,1,0.25898370736687426
vasectomy,0.0,0.25832412010697875,-0.25832412010697875,0,1,0.25832412010697875
soon,0.4924997831262591,0.2345603573310187,0.2579394257952404,1,1,0.2579394257952404
archaeology,0.3251502307264604,0.06787156978457094,0.25727866094188945,1,1,0.25727866094188945
successful,0.25640477040198273,0.0,0.25640477040198273,1,0,0.25640477040198273
breast,0.0,0.2556447538967262,-0.2556447538967262,0,1,0.2556447538967262
appearence,0.31854301130323326,0.06301659727122856,0.2555264140320047,1,1,0.2555264140320047
currently,0.25408965731328326,0.0,0.25408965731328326,1,0,0.25408965731328326
came,0.2530528857838276,0.0,0.2530528857838276,2,0,0.2530528857838276
homework,0.0,0.2520975915801169,-0.2520975915801169,0,1,0.2520975915801169
weird,0.5924669658275981,0.34214063224441504,0.250326333583183,2,1,0.250326333583183
dish,0.2192147033795851,0.4678075043394685,-0.2485928009598834,1,1,0.2485928009598834
pillow,0.0,0.2483584918857543,-0.2483584918857543,0,1,0.2483584918857543
tapped,0.247586810840381,0.0,0.247586810840381,1,0,0.247586810840381
phone,0.8345812519112822,0.5885803466673283,0.2460009052439539,1,1,0.2460009052439539
across,0.17775529145884147,0.42289456843743706,-0.24513927697859558,1,1,0.24513927697859558
gf,0.30656880510327683,0.5515599957392137,-0.24499119063593683,2,2,0.24499119063593683
persuade,0.2429495510647877,0.0,0.2429495510647877,1,0,0.2429495510647877
game,0.36366957464274724,0.12116464883080869,0.24250492581193855,1,1,0.24250492581193855
toilet,0.0,0.24231346279916302,-0.24231346279916302,0,1,0.24231346279916302
financial,0.4801227176799725,0.7220558773175973,-0.24193315963762485,1,1,0.24193315963762485
writing,0.41169646174743935,0.6519734363743009,-0.2402769746268616,2,2,0.2402769746268616
yelling,0.18695446900210888,0.42640208890808107,-0.2394476199059722,2,3,0.2394476199059722
doing,0.0,0.2388547489368962,-0.2388547489368962,0,2,0.2388547489368962
into,0.5377993113478939,0.30020937177082563,0.2375899395770683,1,3,0.2375899395770683
wouldn,0.23613146700318702,0.0,0.23613146700318702,1,0,0.23613146700318702
thought,0.2358360262070115,0.0,0.2358360262070115,1,0,0.2358360262070115
refused,0.0,0.23560266521248974,-0.23560266521248974,0,2,0.23560266521248974
showing,0.7649365420700174,1.0,-0.23506345792998262,1,1,0.23506345792998262
used,0.23506117103972296,0.0,0.23506117103972296,1,0,0.23506117103972296
story,0.41980848893912526,0.18497548227614333,0.23483300666298193,1,1,0.23483300666298193
kids,0.19800368479400438,0.43234476066091343,-0.23434107586690905,2,2,0.23434107586690905
asking,0.6848924380042977,0.4509217833282477,0.23397065467604994,4,5,0.23397065467604994
parents,0.4469054120558925,0.2133464230584042,0.2335589889974883,2,3,0.2335589889974883
procrastinated,0.14882861995788413,0.3820251944471909,-0.23319657448930678,1,1,0.23319657448930678
shows,0.335059349637329,0.1018826036169039,0.23317674602042507,1,1,0.23317674602042507
debt,0.5308993925236446,0.2979111813721194,0.23298821115152518,1,1,0.23298821115152518
kid,0.0,0.23284435898134231,-0.23284435898134231,0,1,0.23284435898134231
disgusted,0.3484140459841145,0.11817032322275674,0.2302437227613578,1,1,0.2302437227613578
beautiful,0.22998772190242153,0.0,0.22998772190242153,1,0,0.22998772190242153
credit,0.14656334160948206,0.37619408542852617,-0.2296307438190441,1,1,0.2296307438190441
pressing,0.21385124232847708,0.443316782078352,-0.22946553974987494,1,1,0.22946553974987494
would,0.3575686212152093,0.12916685648764176,0.22840176472756757,1,1,0.22840176472756757
doesnt,0.0,0.22822527363840858,-0.22822527363840858,0,1,0.22822527363840858
polite,0.7718883739462298,1.0,-0.22811162605377022,1,1,0.22811162605377022
cousin,0.22779255287498038,0.0,0.22779255287498038,1,0,0.22779255287498038
false,0.0,0.22729297883791155,-0.22729297883791155,0,1,0.22729297883791155
am,0.33517653727631946,0.10805089084247074,0.22712564643384872,2,1,0.22712564643384872
character,0.0,0.22600018040094041,-0.22600018040094041,0,2,0.22600018040094041
37,0.0,0.22536910860977644,-0.22536910860977644,0,1,0.22536910860977644
freaked,0.0,0.22521304120105795,-0.22521304120105795,0,1,0.22521304120105795
better,0.0,0.22513016641921044,-0.22513016641921044,0,1,0.22513016641921044
go,0.6410755042862416,0.4160563373989763,0.2250191668872653,1,1,0.2250191668872653
back,0.5315418723223151,0.3068385146081343,0.22470335771418076,3,7,0.22470335771418076
gave,0.22332282112046173,0.0,0.22332282112046173,1,0,0.22332282112046173
another,0.22191346945485235,0.0,0.22191346945485235,1,0,0.22191346945485235
sisters,0.0,0.2211015678346069,-0.2211015678346069,0,1,0.2211015678346069
tyler,0.2210523749207938,0.0,0.2210523749207938,1,0,0.2210523749207938
spends,0.22030672782502836,0.0,0.22030672782502836,3,0,0.22030672782502836
plants,0.21990037136380342,0.0,0.21990037136380342,1,0,0.21990037136380342
hear,0.21958229914306154,0.0,0.21958229914306154,1,0,0.21958229914306154
quickly,0.0,0.21947104061110712,-0.21947104061110712,0,1,0.21947104061110712
stuff,0.3003568043002719,0.08101399394511626,0.21934281035515563,1,1,0.21934281035515563
lucky,0.32618895048936963,0.10784760394824132,0.2183413465411283,1,1,0.2183413465411283
hotel,0.0,0.21811571634890795,-0.21811571634890795,0,1,0.21811571634890795
biryani,0.0,0.21789400237727405,-0.21789400237727405,0,1,0.21789400237727405
sleepover,0.4535088198230764,0.23562952326577374,0.21787929655730265,1,1,0.21787929655730265
names,0.21756261543619262,0.0,0.21756261543619262,1,0,0.21756261543619262
kept,0.2854891907291806,0.06860143621125941,0.2168877545179212,1,1,0.2168877545179212
outsiders,0.216722886402837,0.0,0.216722886402837,1,0,0.216722886402837
between,0.3759880074311136,0.1593587434187066,0.216629264012407,1,1,0.216629264012407
negative,0.21596933208558783,0.0,0.21596933208558783,1,0,0.21596933208558783
screenshotting,0.0,0.215797131070923,-0.215797131070923,0,1,0.215797131070923
-,0.3701586588424261,0.15447670998537952,0.21568194885704658,14,15,0.21568194885704658
annoyed,0.21566969059550012,0.0,0.21566969059550012,1,0,0.21566969059550012
melbourne,0.2149085445971044,0.0,0.2149085445971044,1,0,0.2149085445971044
music,0.45221483102455917,0.6668664375571893,-0.21465160653263016,2,2,0.21465160653263016
mummies,0.28800010506877033,0.07361720846041134,0.214382896608359,1,1,0.214382896608359
tik,0.5203319728004667,0.3060575651289101,0.21427440767155664,2,2,0.21427440767155664
missing,0.0,0.2134829839561747,-0.2134829839561747,0,1,0.2134829839561747
talking,0.338503314255784,0.12562638076359683,0.21287693349218717,3,3,0.21287693349218717
cut,0.0,0.21164701760317725,-0.21164701760317725,0,1,0.21164701760317725
goes,0.0,0.21104612751978888,-0.21104612751978888,0,1,0.21104612751978888
40m,0.0,0.2107072325443461,-0.2107072325443461,0,1,0.2107072325443461
climbed,0.0,0.21024522262163564,-0.21024522262163564,0,1,0.21024522262163564
birthday,0.21021895886745443,0.0,0.21021895886745443,1,0,0.21021895886745443
weve,0.0,0.2101180674979963,-0.2101180674979963,0,1,0.2101180674979963
interactions,0.3149847877820285,0.10509522505521013,0.20988956272681836,1,1,0.20988956272681836
sydney,0.20947030871659955,0.0,0.20947030871659955,1,0,0.20947030871659955
led,0.39643483631724513,0.6054843992540062,-0.20904956293676108,1,1,0.20904956293676108
one,0.3706832296482384,0.16175165931359597,0.20893157033464244,1,4,0.20893157033464244
banged,0.1299423900946091,0.33849445546216295,-0.20855206536755386,1,1,0.20855206536755386
replacing,0.232424406213797,0.4404951613546561,-0.2080707551408591,1,2,0.2080707551408591
technical,0.2077231191608845,0.0,0.2077231191608845,1,0,0.2077231191608845
prepare,0.0,0.20614716613527312,-0.20614716613527312,0,1,0.20614716613527312
ran,0.0,0.20612848697973105,-0.20612848697973105,0,1,0.20612848697973105
45min,0.0,0.20612697836680238,-0.20612697836680238,0,1,0.20612697836680238
$,0.3508876242546122,0.14507120211837424,0.20581642213623794,1,1,0.20581642213623794
nope,0.20554434149840134,0.0,0.20554434149840134,1,0,0.20554434149840134
bestie,0.20420300112570827,0.0,0.20420300112570827,1,0,0.20420300112570827
filled,0.348853143690153,0.14488705774669824,0.20396608594345478,1,1,0.20396608594345478
onions,0.2038890843115116,0.0,0.2038890843115116,1,0,0.2038890843115116
contemplated,0.0,0.20336764020335335,-0.20336764020335335,0,1,0.20336764020335335
tradition,0.0,0.20319175792671357,-0.20319175792671357,0,1,0.20319175792671357
while,0.330345064486223,0.12731576437858436,0.20302930010763862,3,3,0.20302930010763862
rent,0.2027223115036616,0.0,0.2027223115036616,1,0,0.2027223115036616
messages,0.20232918321435242,0.0,0.20232918321435242,1,0,0.20232918321435242
purposefully,0.2017801696062781,0.0,0.2017801696062781,1,0,0.2017801696062781
common,0.0,0.20145569722049259,-0.20145569722049259,0,1,0.20145569722049259
free,0.20124454596850114,0.0,0.20124454596850114,1,0,0.20124454596850114
batch,0.20026426835758251,0.0,0.20026426835758251,1,0,0.20026426835758251
falling,0.11146796312747563,0.3108115156918706,-0.19934355256439495,1,1,0.19934355256439495
implants,0.19918425961741287,0.0,0.19918425961741287,1,0,0.19918425961741287
high,0.199077790663815,0.0,0.199077790663815,1,0,0.199077790663815
lol,0.5399183783829659,0.3413459592379738,0.19857241914499207,1,1,0.19857241914499207
college,0.6055703714201097,0.40729951012748594,0.19827086129262378,1,2,0.19827086129262378
diagnosed,0.5971838018883874,0.3992465318558191,0.19793727003256828,1,1,0.19793727003256828
listening,0.3260776560514665,0.12895560115697502,0.19712205489449147,1,1,0.19712205489449147
accepted,0.0,0.1963262092798859,-0.1963262092798859,0,1,0.1963262092798859
celebrated,0.0,0.19480511764654704,-0.19480511764654704,0,1,0.19480511764654704
responsibility,0.39998995742870924,0.20545468367150477,0.19453527375720447,1,2,0.19453527375720447
confused,0.16669033525563645,0.361136346004898,-0.19444601074926157,1,1,0.19444601074926157
weeks,0.1942165758539064,0.0,0.1942165758539064,2,0,0.1942165758539064
wear,0.19380897257186547,0.0,0.19380897257186547,1,0,0.19380897257186547
opens,0.0,0.19347591513225457,-0.19347591513225457,0,1,0.19347591513225457
door,0.0,0.1932300310560074,-0.1932300310560074,0,1,0.1932300310560074
full,0.1926821580454401,0.0,0.1926821580454401,1,0,0.1926821580454401
yo,0.1926009401413256,0.0,0.1926009401413256,1,0,0.1926009401413256
year,0.19240223924685532,0.0,0.19240223924685532,1,0,0.19240223924685532
since,0.2906468556430273,0.4826087529527965,-0.1919618973097692,7,6,0.1919618973097692
bags,0.19195805535023713,0.0,0.19195805535023713,1,0,0.19195805535023713
laws,0.0,0.19194553921688648,-0.19194553921688648,0,1,0.19194553921688648
its,0.1919304904805,0.0,0.1919304904805,1,0,0.1919304904805
answer,0.19181618751718582,0.0,0.19181618751718582,1,0,0.19181618751718582
dil,0.11768901424498505,0.3088893804433863,-0.19120036619840125,4,5,0.19120036619840125
tails,0.33178611108337885,0.1407293222070347,0.19105678887634414,2,2,0.19105678887634414
fortnite,0.0,0.1907278333911488,-0.1907278333911488,0,1,0.1907278333911488
keeps,0.5189324224748285,0.3286350116218338,0.19029741085299473,2,2,0.19029741085299473
climbing,0.13514361421214807,0.32476219353658864,-0.18961857932444057,1,1,0.18961857932444057
closing,0.0,0.18953295136792947,-0.18953295136792947,0,1,0.18953295136792947
appreciated,0.1888404437622331,0.0,0.1888404437622331,1,0,0.1888404437622331
saw,0.0,0.18873831716027364,-0.18873831716027364,0,1,0.18873831716027364
many,0.18849153358328286,0.0,0.18849153358328286,1,0,0.18849153358328286
or,0.31111649295655724,0.12294180891051518,0.18817468404604207,2,1,0.18817468404604207
multigenerational,0.0,0.18741091019945186,-0.18741091019945186,0,1,0.18741091019945186
hint,0.546870617311337,0.7339958670948781,-0.18712524978354106,1,1,0.18712524978354106
learn,0.18681411725240418,0.0,0.18681411725240418,1,0,0.18681411725240418
garden,0.398032187648941,0.2113652683522929,0.18666691929664808,4,4,0.18666691929664808
can,0.0,0.18659168440304674,-0.18659168440304674,0,3,0.18659168440304674
towards,0.0,0.18614257418797586,-0.18614257418797586,0,1,0.18614257418797586
us,0.1858173259749273,0.0,0.1858173259749273,2,0,0.1858173259749273
south,0.25132411000845317,0.0657080701374384,0.18561603987101477,1,1,0.18561603987101477
agrees,0.20005268141145208,0.38500140132287247,-0.1849487199114204,1,1,0.1849487199114204
history,0.18421311427044781,0.0,0.18421311427044781,1,0,0.18421311427044781
duolingo,0.3219232066707101,0.13834323861368517,0.18357996805702495,2,2,0.18357996805702495
reduction,0.0,0.18313143640492824,-0.18313143640492824,0,1,0.18313143640492824
40f,0.2870972565429717,0.4701814169645234,-0.18308416042155173,1,1,0.18308416042155173
process,0.0,0.18239897505387395,-0.18239897505387395,0,2,0.18239897505387395
big,0.0,0.1821021251988728,-0.1821021251988728,0,1,0.1821021251988728
breeders,0.0,0.18133996677787764,-0.18133996677787764,0,1,0.18133996677787764
receptionist,0.4209680394546719,0.6019379461237505,-0.18096990666907858,4,4,0.18096990666907858
allowed,0.0,0.18042651112215602,-0.18042651112215602,0,1,0.18042651112215602
before,0.10559789997238139,0.28601572566784333,-0.18041782569546194,2,1,0.18041782569546194
23m,0.0,0.18026835155829662,-0.18026835155829662,0,1,0.18026835155829662
visits,0.0,0.1800611949263386,-0.1800611949263386,0,1,0.1800611949263386
relatives,0.17997393178845644,0.0,0.17997393178845644,1,0,0.17997393178845644
onesies,0.0,0.17791606586829203,-0.17791606586829203,0,1,0.17791606586829203
demanding,0.2737591052786833,0.0966904885809359,0.1770686166977474,1,1,0.1770686166977474
more,0.17677535993916396,0.0,0.17677535993916396,1,0,0.17677535993916396
side,0.0,0.17668888180940995,-0.17668888180940995,0,1,0.17668888180940995
bored,0.17662708042814573,0.0,0.17662708042814573,1,0,0.17662708042814573
husband,0.30247552011028445,0.4790708775543163,-0.17659535744403188,29,28,0.17659535744403188
job,0.0850500747424437,0.26154189028042335,-0.17649181553797966,1,1,0.17649181553797966
packed,0.2880653054420353,0.1118968683878813,0.176168437054154,1,1,0.176168437054154
military,0.17605806393613177,0.0,0.17605806393613177,1,0,0.17605806393613177
:,0.3507903256783643,0.17572913478174107,0.17506119089662325,4,4,0.17506119089662325
suffered,0.0,0.17493296309800138,-0.17493296309800138,0,1,0.17493296309800138
bed,0.0,0.17477926997523016,-0.17477926997523016,0,1,0.17477926997523016
anyone,0.17464462854160367,0.0,0.17464462854160367,1,0,0.17464462854160367
honoring,0.28954869541786954,0.11492916429107171,0.17461953112679784,1,1,0.17461953112679784
cannot,0.17445579515232842,0.0,0.17445579515232842,2,0,0.17445579515232842
gift,0.2845631407775353,0.11012951254182227,0.17443362823571304,1,1,0.17443362823571304
easy,0.0,0.174392641353106,-0.174392641353106,0,1,0.174392641353106
dogs,0.1738229756521874,0.0,0.1738229756521874,1,0,0.1738229756521874
;,0.3006510999788412,0.12734856055227983,0.17330253942656138,1,1,0.17330253942656138
drumming,0.13840075636555027,0.3116824025459386,-0.17328164618038833,1,1,0.17328164618038833
100,0.0,0.1731146880238537,-0.1731146880238537,0,1,0.1731146880238537
passes,0.17291478860234863,0.0,0.17291478860234863,1,0,0.17291478860234863
visitation,0.0,0.17267086428531478,-0.17267086428531478,0,1,0.17267086428531478
unwanted,0.0,0.17186338348986294,-0.17186338348986294,0,1,0.17186338348986294
past,0.17132237434010406,0.0,0.17132237434010406,1,0,0.17132237434010406
f25,0.1711388642501302,0.0,0.1711388642501302,1,0,0.1711388642501302
interested,0.1709279284567902,0.0,0.1709279284567902,1,0,0.1709279284567902
words,0.17092017253258301,0.0,0.17092017253258301,1,0,0.17092017253258301
any,0.17072724203019504,0.0,0.17072724203019504,1,0,0.17072724203019504
alterations,0.17028968798992003,0.0,0.17028968798992003,1,0,0.17028968798992003
recently,0.26584949050854556,0.09592288554056087,0.16992660496798467,1,3,0.16992660496798467
appreciate,0.21876749794299077,0.04886859142327761,0.16989890651971318,2,1,0.16989890651971318
marie,0.1694688529138702,0.0,0.1694688529138702,2,0,0.1694688529138702
maternal,0.0900992599513807,0.259229100658679,-0.1691298407072983,1,1,0.1691298407072983
probably,0.1688132036842282,0.0,0.1688132036842282,1,0,0.1688132036842282
brought,0.16876597252948441,0.0,0.16876597252948441,1,0,0.16876597252948441
gone,0.285591373221639,0.11699373159775696,0.16859764162388208,1,1,0.16859764162388208
disagreement,0.0,0.16812743630818316,-0.16812743630818316,0,1,0.16812743630818316
vet,0.0,0.1676622643350585,-0.1676622643350585,0,2,0.1676622643350585
guardians,0.0,0.1671358125844934,-0.1671358125844934,0,1,0.1671358125844934
there,0.3667537135990985,0.19965395951326062,0.16709975408583785,2,1,0.16709975408583785
response,0.16692051967178054,0.0,0.16692051967178054,1,0,0.16692051967178054
cook,0.06552859246428504,0.23213247003691018,-0.16660387757262513,1,1,0.16660387757262513
doesn,0.0,0.16654874922403345,-0.16654874922403345,0,1,0.16654874922403345
head,0.16646303511669863,0.0,0.16646303511669863,1,0,0.16646303511669863
fallout,0.31261200358967994,0.14716300945153807,0.16544899413814187,1,1,0.16544899413814187
spoons,0.0,0.16475396406564916,-0.16475396406564916,0,1,0.16475396406564916
dropped,0.1646888770804614,0.0,0.1646888770804614,1,0,0.1646888770804614
!,0.0,0.1646496971154311,-0.1646496971154311,0,3,0.1646496971154311
share,0.16436053624435926,0.0,0.16436053624435926,1,0,0.16436053624435926
things,0.16343473903229205,0.0,0.16343473903229205,2,0,0.16343473903229205
face,0.3650590567695219,0.2016937960663222,0.16336526070319968,1,2,0.16336526070319968
night,0.1631631321709057,0.0,0.1631631321709057,1,0,0.1631631321709057
crush,0.0,0.16227613344978756,-0.16227613344978756,0,1,0.16227613344978756
sunburns,0.16200681442871162,0.0,0.16200681442871162,1,0,0.16200681442871162
ordered,0.16199028686796801,0.0,0.16199028686796801,1,0,0.16199028686796801
tried,0.0,0.16046655961671072,-0.16046655961671072,0,2,0.16046655961671072
53,0.16001212068301573,0.0,0.16001212068301573,1,0,0.16001212068301573
foreign,0.0,0.15939855106614628,-0.15939855106614628,0,1,0.15939855106614628
gladly,0.15907146792401175,0.0,0.15907146792401175,1,0,0.15907146792401175
airport,0.705992132683101,0.5472897928022548,0.15870233988084625,1,1,0.15870233988084625
miracle,0.15866025653231527,0.0,0.15866025653231527,1,0,0.15866025653231527
pottery,0.15802216520385778,0.0,0.15802216520385778,1,0,0.15802216520385778
inappropriate,0.0,0.1578892091388674,-0.1578892091388674,0,1,0.1578892091388674
grave,0.35348727543892366,0.19582529490181647,0.1576619805371072,1,1,0.1576619805371072
agreement,0.29161158135649545,0.44899850102165656,-0.1573869196651611,1,1,0.1573869196651611
whines,0.28994307103716277,0.132716486513694,0.15722658452346877,1,1,0.15722658452346877
pay,0.36325437976297925,0.20643431310580074,0.15682006665717851,1,1,0.15682006665717851
ask,0.15635595098141292,0.0,0.15635595098141292,1,0,0.15635595098141292
wanting,0.2587199858009977,0.10278336105087803,0.15593662475011966,1,1,0.15593662475011966
love,0.0,0.15581608967285118,-0.15581608967285118,0,1,0.15581608967285118
next,0.0,0.15557544363019293,-0.15557544363019293,0,1,0.15557544363019293
store,0.0,0.1555448647506295,-0.1555448647506295,0,1,0.1555448647506295
wedding,0.2386490907301021,0.08316153962619123,0.15548755110391088,1,1,0.15548755110391088
asks,0.12862546060766372,0.28404728266163454,-0.15542182205397082,2,2,0.15542182205397082
total,0.0,0.15455603403561835,-0.15455603403561835,0,1,0.15455603403561835
locked,0.3010780266048135,0.14654470337184405,0.15453332323296942,1,1,0.15453332323296942
whacks,0.15384778730658139,0.0,0.15384778730658139,1,0,0.15384778730658139
arguing,0.2576336028957861,0.4114234586014364,-0.15378985570565035,4,4,0.15378985570565035
ruined,0.0,0.15378824229647808,-0.15378824229647808,0,1,0.15378824229647808
feels,0.2571632673690941,0.10353391312850069,0.15362935424059343,1,2,0.15362935424059343
child,0.1535240109094048,0.0,0.1535240109094048,1,0,0.1535240109094048
grade,0.0,0.1533949515253329,-0.1533949515253329,0,1,0.1533949515253329
girl,0.15324415856540702,0.0,0.15324415856540702,1,0,0.15324415856540702
their,0.15297424357726128,0.0,0.15297424357726128,4,0,0.15297424357726128
access,0.14836637298091043,0.3010413946662708,-0.15267502168536035,1,1,0.15267502168536035
does,0.1524070774751385,0.0,0.1524070774751385,1,0,0.1524070774751385
basketball,0.15215093259927803,0.0,0.15215093259927803,1,0,0.15215093259927803
new,0.2230924890064782,0.37507808965923994,-0.15198560065276173,2,1,0.15198560065276173
ruining,0.3142097151399583,0.4660495444242637,-0.1518398292843054,2,1,0.1518398292843054
move,0.0,0.15175488037242563,-0.15175488037242563,0,1,0.15175488037242563
housing,0.1515947239051521,0.0,0.1515947239051521,1,0,0.1515947239051521
helping,0.227010882955714,0.3785843788009065,-0.1515734958451925,1,1,0.1515734958451925
friendship,0.3494560849905229,0.1980731795232053,0.15138290546731759,1,1,0.15138290546731759
uncles,0.0,0.1511796219375581,-0.1511796219375581,0,1,0.1511796219375581
putting,0.17158296518740715,0.3227492563553785,-0.15116629116797134,1,1,0.15116629116797134
4,0.0,0.1509468109255539,-0.1509468109255539,0,1,0.1509468109255539
budget,0.21600007463879525,0.0655144419630508,0.15048563267574444,1,1,0.15048563267574444
relationship,0.30189209132689343,0.15145282361911,0.15043926770778343,1,2,0.15043926770778343
developed,0.0,0.15035802579309931,-0.15035802579309931,0,1,0.15035802579309931
yogurt,0.0,0.14994103636163866,-0.14994103636163866,0,1,0.14994103636163866
meal,0.0,0.14957986351463792,-0.14957986351463792,0,1,0.14957986351463792
these,0.14957309523296985,0.0,0.14957309523296985,1,0,0.14957309523296985
became,0.0,0.1490209264263675,-0.1490209264263675,0,2,0.1490209264263675
change,0.4824583431468893,0.33357940302429423,0.14887894012259506,1,1,0.14887894012259506
grandfather,0.0,0.1488339901673715,-0.1488339901673715,0,1,0.1488339901673715
special,0.14874661686270202,0.0,0.14874661686270202,1,0,0.14874661686270202
food,0.0,0.14848283659160408,-0.14848283659160408,0,1,0.14848283659160408
proactive,0.14786850407398527,0.0,0.14786850407398527,1,0,0.14786850407398527
hired,0.1477436085919924,0.0,0.1477436085919924,1,0,0.1477436085919924
justified,0.14757571327631996,0.0,0.14757571327631996,1,0,0.14757571327631996
babied,0.14689947721951618,0.0,0.14689947721951618,1,0,0.14689947721951618
knocks,0.0,0.14660526204047086,-0.14660526204047086,0,1,0.14660526204047086
animal,0.1462092936023584,0.0,0.1462092936023584,1,0,0.1462092936023584
never,0.20978300138769274,0.3559108001418484,-0.14612779875415566,2,2,0.14612779875415566
telling,0.3782418004333884,0.23221954000369058,0.14602226042969782,7,9,0.14602226042969782
late,0.0,0.14565303321174686,-0.14565303321174686,0,1,0.14565303321174686
get,0.282424252170662,0.4279936870898242,-0.1455694349191622,2,2,0.1455694349191622
today,0.3357507410544232,0.19029680585947872,0.14545393519494448,2,2,0.14545393519494448
unload,0.0,0.1452877780556878,-0.1452877780556878,0,1,0.1452877780556878
getting,0.31618188135842595,0.17096625084455522,0.14521563051387074,5,5,0.14521563051387074
quite,0.40440820409250744,0.26019578499933754,0.1442124190931699,2,2,0.1442124190931699
business,0.0,0.14382935119016943,-0.14382935119016943,0,1,0.14382935119016943
clinic,0.14332596983813295,0.0,0.14332596983813295,1,0,0.14332596983813295
niece,0.7453776500757114,0.8879072934549193,-0.14252964337920782,4,4,0.14252964337920782
household,0.2451226475588075,0.3869390927619762,-0.1418164452031687,1,1,0.1418164452031687
sayonara,0.1416715987906951,0.0,0.1416715987906951,1,0,0.1416715987906951
large,0.3113671967614201,0.169820960401672,0.1415462363597481,2,2,0.1415462363597481
nail,0.0,0.14113584432270118,-0.14113584432270118,0,1,0.14113584432270118
yet,0.1411214903802172,0.0,0.1411214903802172,1,0,0.1411214903802172
supposed,0.14111883818460572,0.0,0.14111883818460572,1,0,0.14111883818460572
permission,0.3275202523752821,0.18679869885842854,0.14072155351685356,1,1,0.14072155351685356
right,0.0,0.14056223878710522,-0.14056223878710522,0,1,0.14056223878710522
groceries,0.14044418979324605,0.0,0.14044418979324605,1,0,0.14044418979324605
rude,0.5283743012713956,0.3883395066380258,0.14003479463336982,2,2,0.14003479463336982
costs,0.13992817284440798,0.0,0.13992817284440798,1,0,0.13992817284440798
nothing,0.21271559744935448,0.3522223691860278,-0.1395067717366733,2,2,0.1395067717366733
texted,0.11165024130369879,0.2510034068657623,-0.1393531655620635,1,2,0.1393531655620635
really,0.0,0.13905071954008058,-0.13905071954008058,0,2,0.13905071954008058
closer,0.0,0.13839820856700322,-0.13839820856700322,0,1,0.13839820856700322
seemed,0.376503327583142,0.23820637794533503,0.13829694963780695,1,1,0.13829694963780695
knew,0.30985113512964096,0.17171897206557685,0.13813216306406412,1,2,0.13813216306406412
missed,0.29659067373930276,0.15860836872346248,0.13798230501584027,1,1,0.13798230501584027
rehome,0.325242699065934,0.18771056134480077,0.13753213772113324,1,1,0.13753213772113324
partner,0.1923392039599935,0.3296558305336925,-0.13731662657369903,12,11,0.13731662657369903
impact,0.1372843555909747,0.0,0.1372843555909747,1,0,0.1372843555909747
younger,0.0,0.137253647530085,-0.137253647530085,0,1,0.137253647530085
‘,0.1927541508899449,0.055781490970975095,0.1369726599189698,1,1,0.1369726599189698
eventually,0.0,0.13657708940770108,-0.13657708940770108,0,1,0.13657708940770108
changes,0.13630198379763064,0.0,0.13630198379763064,1,0,0.13630198379763064
lot,0.3118673057476585,0.17676245942750565,0.13510484632015282,2,2,0.13510484632015282
sunscreen,0.13899327427218838,0.2733588017883426,-0.13436552751615422,2,2,0.13436552751615422
comb,0.0,0.13430140616166067,-0.13430140616166067,0,1,0.13430140616166067
available,0.0,0.1335002132971444,-0.1335002132971444,0,1,0.1335002132971444
buys,0.0,0.13320987057028089,-0.13320987057028089,0,1,0.13320987057028089
complication,0.34306483434143686,0.20989255154000622,0.13317228280143065,1,1,0.13317228280143065
ago,0.0,0.13241870398338682,-0.13241870398338682,0,1,0.13241870398338682
f32,0.3309724597097846,0.19941575890308122,0.1315567008067034,1,1,0.1315567008067034
scavenger,0.8684872019460087,1.0,-0.1315127980539913,1,1,0.1315127980539913
wife,0.5485789718750497,0.4171718122939671,0.13140715958108257,22,23,0.13140715958108257
practice,0.131197899770089,0.0,0.131197899770089,1,0,0.131197899770089
died,0.13104207278220034,0.0,0.13104207278220034,2,0,0.13104207278220034
hair,0.2941053336735672,0.16316102502415744,0.13094430864940979,1,1,0.13094430864940979
important,0.0,0.1303370138650345,-0.1303370138650345,0,1,0.1303370138650345
by,0.18513014277051135,0.31514587792818344,-0.1300157351576721,3,4,0.1300157351576721
offered,0.19520337074978814,0.06554347279197231,0.12965989795781582,1,1,0.12965989795781582
docked,0.12964919407683356,0.0,0.12964919407683356,1,0,0.12964919407683356
help,0.12929039635565137,0.0,0.12929039635565137,2,0,0.12929039635565137
then,0.35553700949582806,0.22634577152876267,0.1291912379670654,3,3,0.1291912379670654
jerk,0.2854332218760979,0.156270347085127,0.12916287479097088,1,1,0.12916287479097088
responsibilities,0.0,0.1287754106675679,-0.1287754106675679,0,1,0.1287754106675679
world,0.12868169534779744,0.0,0.12868169534779744,1,0,0.12868169534779744
turns,0.11524549389472981,0.24379629666328204,-0.12855080276855224,1,1,0.12855080276855224
dress,0.23872105305727503,0.36714554862301263,-0.1284244955657376,1,1,0.1284244955657376
proceededs,0.0,0.12812100477105548,-0.12812100477105548,0,1,0.12812100477105548
rehoming,0.2879046400789905,0.1598309450060266,0.12807369507296393,1,1,0.12807369507296393
messaged,0.4508961027648647,0.5786090774108563,-0.12771297464599163,2,2,0.12771297464599163
reading,0.0,0.12764533003840703,-0.12764533003840703,0,1,0.12764533003840703
culture,0.12730761368208884,0.0,0.12730761368208884,1,0,0.12730761368208884
made,0.2792984672491556,0.1519969223313789,0.12730154491777668,5,5,0.12730154491777668
tanner,0.36389352245924683,0.4911856486744645,-0.12729212621521768,1,1,0.12729212621521768
evening,0.0,0.12666900203948034,-0.12666900203948034,0,1,0.12666900203948034
permit,0.12604398522243385,0.0,0.12604398522243385,1,0,0.12604398522243385
fight,0.3363323255587261,0.21038722498754414,0.12594510057118197,1,2,0.12594510057118197
circumstances,0.0,0.12585298635357406,-0.12585298635357406,0,1,0.12585298635357406
closest,0.3527400094912728,0.2275915161877262,0.12514849330354663,1,1,0.12514849330354663
thing,0.31053664143251947,0.18563149078697483,0.12490515064554464,2,1,0.12490515064554464
going,0.0,0.12454320163605151,-0.12454320163605151,0,1,0.12454320163605151
recipes,0.12391679415711418,0.0,0.12391679415711418,1,0,0.12391679415711418
screenshots,0.37286764287860696,0.24895520687399986,0.12391243600460711,1,1,0.12391243600460711
cousins,0.3164575461929984,0.1928019097092161,0.12365563648378228,3,3,0.12365563648378228
enough,0.0,0.12355566658564845,-0.12355566658564845,0,1,0.12355566658564845
conditions,0.0,0.12343217180061013,-0.12343217180061013,0,1,0.12343217180061013
using,0.12313272981696452,0.0,0.12313272981696452,1,0,0.12313272981696452
exam,0.0,0.12250225986417108,-0.12250225986417108,0,1,0.12250225986417108
forward,0.0,0.12218192779104324,-0.12218192779104324,0,1,0.12218192779104324
family,0.3086948104818442,0.18702148740889535,0.12167332307294887,5,4,0.12167332307294887
moved,0.0,0.12167237106024016,-0.12167237106024016,0,2,0.12167237106024016
loud,0.0,0.1213801308350348,-0.1213801308350348,0,1,0.1213801308350348
gardening,0.22953095495847883,0.108393373474152,0.12113758148432684,1,1,0.12113758148432684
window,0.1261020879413811,0.2471280504531381,-0.12102596251175698,2,2,0.12102596251175698
invested,0.12093568162534767,0.0,0.12093568162534767,1,0,0.12093568162534767
saying,0.09294386728163281,0.21367751351985637,-0.12073364623822355,1,2,0.12073364623822355
replied,0.0,0.12070796756025423,-0.12070796756025423,0,1,0.12070796756025423
struggle,0.12069321870130577,0.0,0.12069321870130577,1,0,0.12069321870130577
laid,0.12058444322703761,0.0,0.12058444322703761,1,0,0.12058444322703761
46m,0.12052874321999825,0.0,0.12052874321999825,1,0,0.12052874321999825
met,0.0,0.11971059004585961,-0.11971059004585961,0,1,0.11971059004585961
shortcomings,0.11963892384722463,0.0,0.11963892384722463,1,0,0.11963892384722463
rest,0.11962779816408758,0.0,0.11962779816408758,1,0,0.11962779816408758
unemployed,0.11897922044186167,0.0,0.11897922044186167,1,0,0.11897922044186167
married,0.0,0.1188705041535306,-0.1188705041535306,0,1,0.1188705041535306
d,0.29354119719539,0.4122889386472793,-0.11874774145188927,2,1,0.11874774145188927
daycare,0.1899102140623044,0.30856053260435296,-0.11865031854204855,4,4,0.11865031854204855
cancer,0.0,0.11857766787838883,-0.11857766787838883,0,1,0.11857766787838883
around,0.18409723220422605,0.3026017959724023,-0.11850456376817622,3,3,0.11850456376817622
tv,0.3146469468215155,0.196230969628332,0.1184159771931835,1,1,0.1184159771931835
think,0.3009570051180805,0.18255883166890127,0.11839817344917922,3,1,0.11839817344917922
fees,0.11815806909792223,0.0,0.11815806909792223,1,0,0.11815806909792223
mother,0.5790319467168092,0.46128544800296195,0.11774649871384729,2,3,0.11774649871384729
actions,0.0,0.11740765213013656,-0.11740765213013656,0,1,0.11740765213013656
calling,0.0,0.11733019815440404,-0.11733019815440404,0,1,0.11733019815440404
unfortunately,0.1173153431911518,0.0,0.1173153431911518,1,0,0.1173153431911518
flute,0.2182068532607896,0.10176406562444001,0.11644278763634958,2,2,0.11644278763634958
excessive,0.5090214867514564,0.39258608048121413,0.11643540627024229,1,1,0.11643540627024229
basically,0.5369853865085074,0.6530462567458554,-0.11606087023734801,2,2,0.11606087023734801
eager,0.2693983692665087,0.384836382963469,-0.11543801369696033,1,1,0.11543801369696033
cars,0.0,0.114605486942385,-0.114605486942385,0,1,0.114605486942385
middle,0.0,0.11451790710693809,-0.11451790710693809,0,1,0.11451790710693809
shocking,0.11422292770949911,0.0,0.11422292770949911,1,0,0.11422292770949911
surprised,0.41123405896101795,0.2970275647380824,0.11420649422293555,1,1,0.11420649422293555
cornered,0.3259668951432323,0.2118089797272148,0.1141579154160175,1,1,0.1141579154160175
administration,0.336130797366759,0.22198328233141415,0.11414751503534484,1,1,0.11414751503534484
technically,0.0,0.11408773501227681,-0.11408773501227681,0,1,0.11408773501227681
found,0.05132226054366338,0.16535930076803732,-0.11403704022437394,1,1,0.11403704022437394
moreover,0.0,0.11396179902072952,-0.11396179902072952,0,1,0.11396179902072952
grieving,0.34281880233762996,0.4565159904302507,-0.11369718809262075,2,2,0.11369718809262075
request,0.0,0.11354007402332005,-0.11354007402332005,0,2,0.11354007402332005
theses,0.0,0.11336603002654955,-0.11336603002654955,0,1,0.11336603002654955
rabbit,0.12471126265567863,0.2377590635573607,-0.11304780090168208,1,1,0.11304780090168208
“,0.16096117737206586,0.2737854556445063,-0.11282427827244043,2,1,0.11282427827244043
hated,0.11278533410554863,0.0,0.11278533410554863,1,0,0.11278533410554863
be,0.31402268048296555,0.42679487905797237,-0.11277219857500681,8,6,0.11277219857500681
spoon,1.0,0.8878518604222714,0.11214813957772862,1,1,0.11214813957772862
clear,0.11158298160134272,0.0,0.11158298160134272,1,0,0.11158298160134272
result,0.11154451366254894,0.0,0.11154451366254894,1,0,0.11154451366254894
grand,0.1111561723825875,0.0,0.1111561723825875,1,0,0.1111561723825875
decline,0.0,0.11091208146621427,-0.11091208146621427,0,1,0.11091208146621427
product,0.16928683066162506,0.28012832901012946,-0.1108414983485044,1,1,0.1108414983485044
went,0.2639752463362878,0.3746866322475366,-0.1107113859112488,3,6,0.1107113859112488
means,0.3390056174179871,0.22843895643626785,0.11056666098171927,1,1,0.11056666098171927
aren,0.0,0.11050059036911919,-0.11050059036911919,0,1,0.11050059036911919
eating,0.11028733685798035,0.0,0.11028733685798035,1,0,0.11028733685798035
wasn,0.2135495323541113,0.32301711612169487,-0.10946758376758356,1,1,0.10946758376758356
been,0.3549164772755645,0.2459531986712351,0.10896327860432942,5,5,0.10896327860432942
„,0.2854800544874964,0.17739343860655035,0.10808661588094606,1,1,0.10808661588094606
phrase,0.0,0.10781983883916886,-0.10781983883916886,0,1,0.10781983883916886
birthdays,0.23513197821804907,0.1275945861173948,0.10753739210065427,1,1,0.10753739210065427
actual,0.38598512463086293,0.27872848523861316,0.10725663939224978,1,1,0.10725663939224978
stressful,0.3072460620456893,0.20005516771579143,0.1071908943298979,1,1,0.1071908943298979
perfectly,0.10706647770495442,0.0,0.10706647770495442,1,0,0.10706647770495442
frame,0.3512791809453393,0.2443164842202585,0.10696269672508077,1,1,0.10696269672508077
fact,0.10592822160611821,0.0,0.10592822160611821,1,0,0.10592822160611821
beyond,0.10592367498479002,0.0,0.10592367498479002,1,0,0.10592367498479002
upon,0.10571080241323748,0.0,0.10571080241323748,1,0,0.10571080241323748
something,0.3545381314413497,0.24884279189864916,0.10569533954270055,2,2,0.10569533954270055
expected,0.10562556951495876,0.0,0.10562556951495876,1,0,0.10562556951495876
read,0.10546670256348466,0.0,0.10546670256348466,1,0,0.10546670256348466
sure,0.12482550931606323,0.22964228241957782,-0.10481677310351459,1,1,0.10481677310351459
understand,0.22813031016750956,0.12355171585871795,0.10457859430879161,2,1,0.10457859430879161
keep,0.18662326818561978,0.29119913436103206,-0.10457586617541229,1,1,0.10457586617541229
tail,0.10370651918810726,0.0,0.10370651918810726,1,0,0.10370651918810726
jobs,0.0,0.10367997996322328,-0.10367997996322328,0,1,0.10367997996322328
attached,0.0,0.10352417059025733,-0.10352417059025733,0,1,0.10352417059025733
converted,0.3332296330460889,0.22998293817982865,0.10324669486626023,1,1,0.10324669486626023
horizon,0.0,0.10313824306150775,-0.10313824306150775,0,1,0.10313824306150775
funeral,0.20081601598288726,0.09789570940964439,0.10292030657324287,1,1,0.10292030657324287
residency,0.09589479995695244,0.19817774997400162,-0.10228295001704918,1,1,0.10228295001704918
attend,0.10226988349245124,0.0,0.10226988349245124,1,0,0.10226988349245124
else,0.10103667115674853,0.0,0.10103667115674853,1,0,0.10103667115674853
purchase,1.0,0.8997458633226979,0.1002541366773021,1,1,0.1002541366773021
know,0.32171223171738045,0.22151291748826643,0.10019931422911402,4,4,0.10019931422911402
morning,0.0654881782082883,0.16540593708774315,-0.09991775887945485,1,2,0.09991775887945485
bf,0.2699380177556409,0.3696628449963269,-0.09972482724068599,2,2,0.09972482724068599
grew,0.09933240776027895,0.0,0.09933240776027895,1,0,0.09933240776027895
syndrome,0.0,0.09931581690286306,-0.09931581690286306,0,1,0.09931581690286306
routine,0.09899583019444858,0.0,0.09899583019444858,1,0,0.09899583019444858
bisexual,0.22874583507111373,0.12981776022766206,0.09892807484345167,1,1,0.09892807484345167
country,0.09857254773356654,0.0,0.09857254773356654,1,0,0.09857254773356654
our,0.2027160406720211,0.3012753766704546,-0.09855933599843353,12,12,0.09855933599843353
kara,0.2766049361710604,0.17817067090745,0.0984342652636104,1,1,0.0984342652636104
baby,0.32260008252678274,0.22433361706362565,0.0982664654631571,4,4,0.0982664654631571
do,0.26977483155419807,0.3679128459018577,-0.09813801434765962,1,2,0.09813801434765962
wagging,0.0,0.09780156989016688,-0.09780156989016688,0,1,0.09780156989016688
almost,0.0626002041608271,0.16014888360488583,-0.09754867944405873,1,2,0.09754867944405873
phoebe,0.1985997410376028,0.10129739797214324,0.09730234306545957,1,1,0.09730234306545957
mil,0.44364012284758175,0.5405849171064533,-0.09694479425887154,3,2,0.09694479425887154
spoiled,0.6314887788581057,0.5346483532844594,0.09684042557364636,1,1,0.09684042557364636
long,0.2662994091263933,0.3626633088728626,-0.09636389974646925,2,1,0.09636389974646925
guitar,0.17459338436202823,0.27046441310782987,-0.09587102874580164,1,1,0.09587102874580164
who,0.2525421481930479,0.15711488736325782,0.09542726082979006,2,3,0.09542726082979006
insists,0.7867263126754458,0.6914680888137158,0.09525822386173,1,1,0.09525822386173
ridiculous,0.13554347559951052,0.23021985086531058,-0.09467637526580006,1,1,0.09467637526580006
weather,0.0942890889835489,0.0,0.0942890889835489,1,0,0.0942890889835489
tattoos,0.2868985172756467,0.19280840581250538,0.09409011146314131,1,1,0.09409011146314131
friends,0.0,0.09389751237722138,-0.09389751237722138,0,1,0.09389751237722138
behaviour,0.4255232053040317,0.3320743516019738,0.09344885370205791,1,1,0.09344885370205791
on,0.3169709002241739,0.22391114134636847,0.09305975887780543,11,12,0.09305975887780543
as,0.41211651204959443,0.3195508333315138,0.09256567871808064,3,5,0.09256567871808064
custody,0.16286221557907932,0.25536955839606224,-0.09250734281698292,2,2,0.09250734281698292
siblings,0.11314102805703291,0.2056260721353056,-0.09248504407827268,2,2,0.09248504407827268
animals,0.0,0.09231443953340417,-0.09231443953340417,0,1,0.09231443953340417
off,0.4043902820527671,0.49656174788234925,-0.09217146582958213,2,1,0.09217146582958213
feel,0.11428063706644959,0.20621443811235413,-0.09193380104590454,2,2,0.09193380104590454
ben,0.12585989112135593,0.21726396492773686,-0.09140407380638094,2,2,0.09140407380638094
erin,0.11097891129818457,0.20237739908418517,-0.0913984877860006,2,2,0.0913984877860006
disregard,0.09128411632322084,0.0,0.09128411632322084,1,0,0.09128411632322084
why,0.5229998476966188,0.43179672328462565,0.09120312441199313,1,2,0.09120312441199313
begging,0.3144823723029874,0.22343892489364348,0.09104344740934395,1,1,0.09104344740934395
life,0.0,0.09056430976645301,-0.09056430976645301,0,1,0.09056430976645301
awkward,0.0,0.09048078573412262,-0.09048078573412262,0,1,0.09048078573412262
problem,0.0,0.09035548432499825,-0.09035548432499825,0,1,0.09035548432499825
tomboy,0.09031481531637824,0.0,0.09031481531637824,1,0,0.09031481531637824
errands,0.14399761095019878,0.23411647895270069,-0.0901188680025019,1,1,0.0901188680025019
ex,0.1939363295273167,0.104282147839806,0.08965418168751071,5,4,0.08965418168751071
friend,0.4109398516577178,0.3215262436132151,0.08941360804450271,6,7,0.08941360804450271
layoff,0.08863305367651457,0.0,0.08863305367651457,1,0,0.08863305367651457
months,0.31406303140180086,0.2254317889346547,0.08863124246714615,1,2,0.08863124246714615
filming,0.12650135320717018,0.2150578121152778,-0.08855645890810762,1,1,0.08855645890810762
replies,0.2097250038577427,0.2980394652163133,-0.0883144613585706,1,1,0.0883144613585706
reminded,0.0,0.08782988341845586,-0.08782988341845586,0,1,0.08782988341845586
confronted,0.14592507920484643,0.23374341840236135,-0.08781833919751492,1,1,0.08781833919751492
figure,0.0,0.08766632549499082,-0.08766632549499082,0,1,0.08766632549499082
through,0.08761181446105458,0.0,0.08761181446105458,1,0,0.08761181446105458
m,0.30520422035581846,0.2177713572150723,0.08743286314074616,4,4,0.08743286314074616
all,0.10166771398213476,0.18893906611028854,-0.08727135212815379,2,2,0.08727135212815379
165cm,0.0,0.08650810590482658,-0.08650810590482658,0,1,0.08650810590482658
driver,0.08643627301267659,0.0,0.08643627301267659,1,0,0.08643627301267659
stains,0.09216655587896282,0.1784552823824393,-0.08628872650347648,1,1,0.08628872650347648
hostile,0.0,0.08622127517862146,-0.08622127517862146,0,1,0.08622127517862146
embarrassing,0.13309821545119538,0.047010781274607914,0.08608743417658746,1,1,0.08608743417658746
sleeps,0.19478654763274322,0.10909719293084395,0.08568935470189927,1,1,0.08568935470189927
neighbor,0.3370733119119542,0.2516295586811642,0.08544375323079001,4,6,0.08544375323079001
chef,0.0,0.08543638765883178,-0.08543638765883178,0,1,0.08543638765883178
model,0.08476425512637667,0.0,0.08476425512637667,1,0,0.08476425512637667
along,0.31132388219087503,0.2266804457225018,0.08464343646837325,1,1,0.08464343646837325
sandy,0.08452659454926086,0.0,0.08452659454926086,1,0,0.08452659454926086
what,0.12864786826899116,0.04412773074105223,0.08452013752793894,1,1,0.08452013752793894
pregnant,0.12924842291531347,0.21364673871068676,-0.0843983157953733,1,1,0.0843983157953733
upset,0.5023759146215089,0.5867054272866692,-0.08432951266516031,5,6,0.08432951266516031
issue,0.4497906387126141,0.36565162004340923,0.08413901866920487,4,5,0.08413901866920487
scheduling,0.08357780594504075,0.0,0.08357780594504075,1,0,0.08357780594504075
excited,0.17182854114734397,0.2550424798896249,-0.08321393874228095,2,1,0.08321393874228095
wibta,0.08309643486685467,0.0,0.08309643486685467,1,0,0.08309643486685467
terrible,0.08268938832092383,0.0,0.08268938832092383,1,0,0.08268938832092383
need,0.0,0.08254036054877403,-0.08254036054877403,0,1,0.08254036054877403
son,0.30828744386779267,0.2262184858253099,0.08206895804248276,15,11,0.08206895804248276
difficult,0.0,0.08183337745324953,-0.08183337745324953,0,1,0.08183337745324953
take,0.13833611612621127,0.22000862420905248,-0.08167250808284121,1,1,0.08167250808284121
just,0.3513339276959875,0.26987366805440516,0.08146025964158232,9,9,0.08146025964158232
mom,0.36314142070597194,0.444439270615016,-0.08129784990904404,24,25,0.08129784990904404
cafeteria,0.08121453914338768,0.0,0.08121453914338768,1,0,0.08121453914338768
anti,0.2715682204123767,0.19035415742172243,0.08121406299065428,2,2,0.08121406299065428
car,0.29430403565444757,0.37500828461365926,-0.08070424895921169,7,8,0.08070424895921169
they,0.17744367120042018,0.0971816321170891,0.08026203908333107,4,4,0.08026203908333107
games,0.13149864852242021,0.21147128472418328,-0.07997263620176306,1,1,0.07997263620176306
manscape,0.328156935215879,0.2483976032297667,0.07975933198611232,4,4,0.07975933198611232
every,0.1785559619523337,0.25814785489784947,-0.07959189294551577,2,1,0.07959189294551577
word,0.9204531832776917,1.0,-0.07954681672230834,1,1,0.07954681672230834
context,0.11440315256595249,0.19249584049550528,-0.07809268792955279,2,1,0.07809268792955279
feelings,0.0,0.07781895662316135,-0.07781895662316135,0,1,0.07781895662316135
talk,0.0,0.07747706361553586,-0.07747706361553586,0,1,0.07747706361553586
is,0.26715210612115076,0.18991246716427182,0.07723963895687894,26,23,0.07723963895687894
so,0.3299326505237706,0.25292102132665,0.07701162919712057,11,9,0.07701162919712057
etc,0.18267820760599987,0.25872999486148934,-0.07605178725548947,1,1,0.07605178725548947
told,0.32404250681917013,0.2483514502857873,0.07569105653338282,15,14,0.07569105653338282
strange,0.28177240369245427,0.35725400892876563,-0.07548160523631137,1,1,0.07548160523631137
lonely,0.17370170253590472,0.0983102286435972,0.07539147389230752,1,1,0.07539147389230752
office,0.21877051809760728,0.29409349288978165,-0.07532297479217437,1,1,0.07532297479217437
learners,0.5484132473603294,0.4733172719413684,0.07509597541896096,1,1,0.07509597541896096
boyfriend,0.5623222784066277,0.48770086625262477,0.07462141215400298,9,11,0.07462141215400298
both,0.07429618606352233,0.0,0.07429618606352233,2,0,0.07429618606352233
have,0.13936023990565596,0.21361968093730227,-0.0742594410316463,8,8,0.0742594410316463
over,0.2542151641166974,0.32784133163599183,-0.0736261675192944,3,1,0.0736261675192944
38f,0.254811634299371,0.1814467070194925,0.07336492727987848,1,1,0.07336492727987848
you,0.22985425120771663,0.3031224336648077,-0.07326818245709105,2,1,0.07326818245709105
16m,0.16976440727153386,0.09650378543466082,0.07326062183687304,1,1,0.07326062183687304
shirtless,0.6925003101251545,0.6195653304913685,0.07293497963378592,1,1,0.07293497963378592
step,0.5665798399044748,0.49371440058123006,0.07286543932324474,1,1,0.07286543932324474
which,0.1235896233907127,0.19643299559966274,-0.07284337220895004,2,3,0.07284337220895004
m36,0.6764350421985019,0.603713719277988,0.07272132292051392,1,1,0.07272132292051392
reddit,0.5417930236822432,0.46917134727757703,0.07262167640466621,1,1,0.07262167640466621
wanted,0.11829888040051474,0.19072436521884562,-0.07242548481833087,1,2,0.07242548481833087
’,0.22091371039289182,0.1484891313829366,0.07242457900995522,10,11,0.07242457900995522
acquainted,0.07228122395597995,0.0,0.07228122395597995,1,0,0.07228122395597995
hospital,0.07156255818680934,0.0,0.07156255818680934,2,0,0.07156255818680934
assume,0.11395513901858602,0.04253459353951097,0.07142054547907505,1,1,0.07142054547907505
did,0.16180618016419956,0.09068170874009472,0.07112447142410484,2,1,0.07112447142410484
sonia,0.19592202091243624,0.12506044581097753,0.07086157510145871,1,1,0.07086157510145871
few,0.1848368085497008,0.11430765956855488,0.07052914898114593,1,1,0.07052914898114593
shift,0.2506402053094514,0.32105485717612436,-0.07041465186667295,1,1,0.07041465186667295
loss,0.209080943839757,0.1390673550152861,0.0700135888244709,1,1,0.0700135888244709
convince,0.07560876427872272,0.14473880399294142,-0.0691300397142187,1,1,0.0691300397142187
how,0.17303575298125798,0.10394390920557947,0.06909184377567851,1,1,0.06909184377567851
hello,0.2385023343723994,0.16962178181429954,0.06888055255809986,1,1,0.06888055255809986
fat,0.0,0.06867024605420775,-0.06867024605420775,0,1,0.06867024605420775
brothers,0.0,0.0684443375416595,-0.0684443375416595,0,1,0.0684443375416595
sleep,0.0,0.06842437399511317,-0.06842437399511317,0,1,0.06842437399511317
pass,0.14014537687407394,0.20847121638505087,-0.06832583951097693,1,1,0.06832583951097693
freezing,0.06806782161111544,0.0,0.06806782161111544,1,0,0.06806782161111544
service,0.2153406383040771,0.14730052175370217,0.06804011655037492,1,1,0.06804011655037492
accepting,0.8018331821445308,0.7338310445171295,0.06800213762740126,1,1,0.06800213762740126
especially,0.0,0.06779734169550672,-0.06779734169550672,0,1,0.06779734169550672
bathroom,0.19978471094269126,0.13216683549982647,0.0676178754428648,1,1,0.0676178754428648
32f,0.0,0.06737640920422296,-0.06737640920422296,0,1,0.06737640920422296
unhappiness,0.2886922159650785,0.22140575970510534,0.06728645625997315,1,1,0.06728645625997315
without,0.13041914385187903,0.06339993551846552,0.0670192083334135,1,1,0.0670192083334135
won,0.12237564630274292,0.18927940417642347,-0.06690375787368055,2,2,0.06690375787368055
open,0.20513053822442318,0.13832267974278084,0.06680785848164233,1,1,0.06680785848164233
changed,0.14818010141637541,0.21497625558895964,-0.06679615417258422,1,1,0.06679615417258422
driving,0.17247156542329248,0.23922230135729822,-0.06675073593400574,1,1,0.06675073593400574
fine,0.5815752310973565,0.5148745550062005,0.06670067609115604,2,3,0.06670067609115604
when,0.2696516886139376,0.203058606881937,0.06659308173200063,8,9,0.06659308173200063
sons,0.35749367368279616,0.291018741391004,0.06647493229179219,2,2,0.06647493229179219
edit,0.30955474756651147,0.376006479365851,-0.06645173179933955,3,4,0.06645173179933955
affordable,0.0,0.0663778228743259,-0.0663778228743259,0,1,0.0663778228743259
ride,0.06637419355630038,0.0,0.06637419355630038,1,0,0.06637419355630038
mounting,0.14518074379815607,0.0788750417629371,0.06630570203521897,1,1,0.06630570203521897
daughter,0.20207637757321578,0.268255502707486,-0.06617912513427021,37,36,0.06617912513427021
body,0.0,0.06614493994582782,-0.06614493994582782,0,1,0.06614493994582782
didn,0.290895714157341,0.3569017980098699,-0.06600608385252887,3,5,0.06600608385252887
four,0.10603671972183816,0.17168406415462642,-0.06564734443278826,1,1,0.06564734443278826
breasts,0.23158962711833803,0.29653093247424456,-0.06494130535590653,4,4,0.06494130535590653
explain,0.0,0.06478861679557466,-0.06478861679557466,0,1,0.06478861679557466
instead,0.06474096251802851,0.0,0.06474096251802851,1,0,0.06474096251802851
eventhough,0.14872454234917046,0.0840291185367614,0.06469542381240906,1,1,0.06469542381240906
dinner,0.1924457434912644,0.1283000050342957,0.06414573845696869,1,1,0.06414573845696869
s,0.2443312270196886,0.1804671905415666,0.063864036478122,23,20,0.063864036478122
little,0.19681489933822258,0.2606330838175802,-0.06381818447935764,2,1,0.06381818447935764
bedroom,0.2040187401740976,0.26734921899726916,-0.06333047882317155,1,1,0.06333047882317155
setting,0.1163727142934676,0.1796537667115805,-0.06328105241811291,1,1,0.06328105241811291
responded,0.19603589436755037,0.1332097533063412,0.06282614106120918,1,1,0.06282614106120918
news,0.2676176358825287,0.2048427270033485,0.06277490887918019,1,1,0.06277490887918019
in,0.18253109618606636,0.2452787109107117,-0.06274761472464535,16,16,0.06274761472464535
leftovers,0.3655460456869725,0.3029331574794236,0.0626128882075489,1,1,0.0626128882075489
complicated,0.08030864324651547,0.14284105064062944,-0.06253240739411396,1,1,0.06253240739411396
whole,0.43901796268568993,0.3765040453300845,0.06251391735560541,1,2,0.06251391735560541
keys,0.7822688874538201,0.7199537119057932,0.0623151755480269,1,1,0.0623151755480269
parent,0.0,0.06124218745201209,-0.06124218745201209,0,1,0.06124218745201209
sort,0.1468705660870998,0.08604424658578458,0.06082631950131523,1,1,0.06082631950131523
say,0.32211652090731124,0.261617185837568,0.060499335069743254,1,2,0.060499335069743254
tell,0.2520638855434591,0.1918967344262827,0.06016715111717641,1,2,0.06016715111717641
allowance,0.25107882183682834,0.19104362621595655,0.060035195620871784,2,2,0.060035195620871784
issues,0.16611715572847102,0.10620652790481244,0.05991062782365858,1,1,0.05991062782365858
cause,0.11029010329637368,0.05062278396513795,0.05966731933123572,2,2,0.05966731933123572
girlfriend,0.38554242727676336,0.32591217587313487,0.05963025140362849,10,10,0.05963025140362849
initially,0.0,0.05929336803250128,-0.05929336803250128,0,1,0.05929336803250128
jokes,0.45933704399048475,0.5185712129469205,-0.059234168956435795,12,12,0.059234168956435795
she,0.3273790656472642,0.26856827928408306,0.058810786363181156,108,105,0.058810786363181156
sorry,0.30285182840384745,0.36127351921464096,-0.058421690810793514,1,1,0.058421690810793514
two,0.19029935386667182,0.24826488867388238,-0.05796553480721056,1,3,0.05796553480721056
hell,0.1898662794206111,0.24770668953967856,-0.05784041011906746,2,2,0.05784041011906746
each,0.24668476788930419,0.3043033249246633,-0.05761855703535909,1,1,0.05761855703535909
aloud,0.1824845438721288,0.23996682449571632,-0.05748228062358751,1,1,0.05748228062358751
work,0.08998538696915745,0.1469293901132221,-0.05694400314406464,2,5,0.05694400314406464
got,0.3257466203293528,0.2689409901857674,0.05680563014358542,3,3,0.05680563014358542
reunification,0.17525222656418413,0.231724196192308,-0.05647196962812387,2,2,0.05647196962812387
he,0.3010870525698434,0.24502814242672902,0.0560589101431144,41,37,0.0560589101431144
completely,0.0,0.05605668216243445,-0.05605668216243445,0,1,0.05605668216243445
hung,0.23703891279149356,0.2928013549547674,-0.055762442163273834,1,1,0.055762442163273834
insisted,0.0,0.05436212087157612,-0.05436212087157612,0,1,0.05436212087157612
confess,0.0,0.0541452057904874,-0.0541452057904874,0,1,0.0541452057904874
horrible,0.5533218983523575,0.49919241454226254,0.054129483810094914,1,1,0.054129483810094914
23f,0.3015275316092919,0.2474218451730904,0.054105686436201506,1,1,0.054105686436201506
fluently,0.0,0.0539842077472663,-0.0539842077472663,0,1,0.0539842077472663
week,0.35913221131943385,0.3054332397111717,0.05369897160826215,2,2,0.05369897160826215
occasionally,0.19719277517897307,0.14364265370029822,0.053550121478674856,1,1,0.053550121478674856
of,0.19946961050212902,0.25270972069643516,-0.053240110194306134,23,16,0.053240110194306134
surprising,0.0,0.05296500776981016,-0.05296500776981016,0,1,0.05296500776981016
workplace,0.26379513459591025,0.21086810041152812,0.05292703418438213,1,1,0.05292703418438213
pretty,0.2110688519087028,0.2638610156676001,-0.05279216375889731,1,2,0.05279216375889731
will,0.37656720695983753,0.3238960286656376,0.05267117829419993,3,2,0.05267117829419993
nieces,0.05213284180923379,0.0,0.05213284180923379,2,0,0.05213284180923379
ok,0.10175460057715861,0.1536658707088259,-0.051911270131667284,1,1,0.051911270131667284
tommorow,0.0,0.05178696187135069,-0.05178696187135069,0,1,0.05178696187135069
george,0.0,0.051770731987105106,-0.051770731987105106,0,1,0.051770731987105106
realized,0.1418740470521361,0.1934854482258046,-0.0516114011736685,1,1,0.0516114011736685
stop,0.18368134166985828,0.23517496326813492,-0.05149362159827664,2,2,0.05149362159827664
being,0.41001183425831905,0.35852577099574295,0.0514860632625761,10,10,0.0514860632625761
ignoring,0.21246999588928733,0.16129625983365922,0.05117373605562811,1,1,0.05117373605562811
&,0.37329948379381306,0.4240871364753736,-0.05078765268156055,2,4,0.05078765268156055
too,0.13407709601297588,0.08346451423963766,0.05061258177333822,2,2,0.05061258177333822
inheritance,0.41596636602919107,0.46630024054266467,-0.0503338745134736,2,2,0.0503338745134736
wake,0.05006128298818413,0.0,0.05006128298818413,1,0,0.05006128298818413
leaving,0.16891376191971663,0.2188988305004079,-0.049985068580691266,1,1,0.049985068580691266
fake,0.17652785369278845,0.12701883061453342,0.04950902307825503,1,1,0.04950902307825503
hometown,0.0,0.048886396975204145,-0.048886396975204145,0,1,0.048886396975204145
kali,0.14628711987490975,0.195013000259176,-0.04872588038426626,1,1,0.04872588038426626
autistic,0.09935723044753039,0.050666837020853776,0.048690393426676616,1,1,0.048690393426676616
pairing,0.2109236464640379,0.16224014384688973,0.04868350261714818,1,1,0.04868350261714818
reached,0.18519754146953954,0.13661637965848744,0.0485811618110521,1,1,0.0485811618110521
annoys,0.21198465005818834,0.16365853469539351,0.048326115362794825,1,1,0.048326115362794825
stay,0.175088971026227,0.12719400846674717,0.04789496255947984,1,1,0.04789496255947984
reserved,0.05992406034174982,0.10781317185650774,-0.04788911151475792,1,1,0.04788911151475792
gives,0.18803182998444792,0.14033435236418082,0.047697477620267104,1,1,0.047697477620267104
frustrated,0.09566718835437864,0.04835079275046601,0.047316395603912625,1,1,0.047316395603912625
emotional,0.16013290225655535,0.11295823895321828,0.04717466330333707,1,1,0.04717466330333707
should,0.13102201315332337,0.1781431033636555,-0.04712109021033212,1,2,0.04712109021033212
up,0.18701973131806293,0.1400457825708797,0.04697394874718322,9,10,0.04697394874718322
apparently,0.13400797124239183,0.18067291321432816,-0.046664941971936325,1,1,0.046664941971936325
explained,0.16934996004995592,0.12280304282407666,0.04654691722587927,2,1,0.04654691722587927
snowing,0.1510020774158998,0.10446569841452048,0.046536379001379316,1,1,0.046536379001379316
stepkids,0.12135546009103239,0.16735772061711968,-0.04600226052608729,1,1,0.04600226052608729
respectful,0.2094124857456946,0.255196458108939,-0.045783972363244385,1,1,0.045783972363244385
with,0.25978556548846987,0.2144399436880277,0.04534562180044216,13,19,0.04534562180044216
after,0.25009784941364893,0.20529010458597394,0.044807744827674995,14,15,0.044807744827674995
impressed,0.17119297508981685,0.1264418883771729,0.04475108671264394,1,1,0.04475108671264394
greg,0.15515959255207792,0.11049103403283896,0.04466855851923897,2,2,0.04466855851923897
wants,0.13093239794246356,0.1752821686881011,-0.044349770745637535,2,2,0.044349770745637535
comfortable,0.39936504750677954,0.3553265002885644,0.04403854721821515,1,1,0.04403854721821515
atv,0.1854178891158046,0.2291199781239575,-0.04370208900815292,2,2,0.04370208900815292
happy,0.13462179769097546,0.09125583068823548,0.04336596700273998,3,1,0.04336596700273998
only,0.1539466592529972,0.11086766397503568,0.04307899527796151,2,3,0.04307899527796151
shut,0.3477074025404261,0.3047230088460896,0.04298439369433649,1,1,0.04298439369433649
rumor,0.08522164245514152,0.04268048998356821,0.042541152471573314,1,1,0.042541152471573314
bunch,0.12918150134977935,0.08671181627603483,0.04246968507374452,1,1,0.04246968507374452
behavior,0.12552947806528703,0.08330275548775994,0.04222672257752709,1,1,0.04222672257752709
out,0.2042832400609536,0.24642833756348695,-0.04214509750253334,13,9,0.04214509750253334
somewhere,0.17701790922350955,0.13488197936748797,0.042135929856021576,1,1,0.042135929856021576
crying,0.16571334805393992,0.12430652265239964,0.04140682540154028,1,1,0.04140682540154028
times,0.16849582168510233,0.1271631268551234,0.04133269482997892,1,2,0.04133269482997892
house,0.2429964683697593,0.20197582543240902,0.04102064293735028,1,3,0.04102064293735028
drive,0.10152357778759734,0.06057464347663014,0.040948934310967196,6,6,0.040948934310967196
finances,0.1130865095960807,0.07247741521183414,0.040609094384246563,1,1,0.040609094384246563
rumors,0.1243136494969367,0.08410401291042427,0.04020963658651243,1,1,0.04020963658651243
because,0.20452403172785882,0.16443583503175555,0.04008819669610328,8,7,0.04008819669610328
buy,0.1611072213400218,0.20024135436357315,-0.03913413302355134,2,2,0.03913413302355134
',0.25057429167506495,0.21153317792074067,0.039041113754324286,10,9,0.039041113754324286
trying,0.1082077788940006,0.14681854627449098,-0.03861076738049038,2,2,0.03861076738049038
snow,0.10736034856868515,0.06879434345188735,0.038566005116797794,1,1,0.038566005116797794
slept,0.17231822010416317,0.13414084473388138,0.03817737537028179,1,1,0.03817737537028179
sometimes,0.20005693612870976,0.16230300447774676,0.037753931650962996,1,1,0.037753931650962996
disability,0.1268201811861137,0.08918980942971325,0.037630371756400466,1,1,0.037630371756400466
were,0.37461297641679986,0.3371043145523036,0.03750866186449625,2,2,0.03750866186449625
even,0.21920621907391666,0.181745733263442,0.03746048581047465,1,2,0.03746048581047465
patches,0.28184482019373597,0.31911057955576333,-0.03726575936202736,1,1,0.03726575936202736
super,0.2874936727367781,0.32398905527630084,-0.036495382539522725,1,1,0.036495382539522725
straw,0.4495706733213643,0.41326810669328146,0.036302566628082844,1,1,0.036302566628082844
leaves,0.5741180136583969,0.5378298545275575,0.03628815913083938,1,1,0.03628815913083938
from,0.2827261031343123,0.24678177437994103,0.03594432875437126,8,10,0.03594432875437126
potluck,0.17010186358677526,0.2059315965840651,-0.03582973299728984,6,6,0.03582973299728984
picking,0.28109265182349663,0.24549137267131904,0.03560127915217759,1,2,0.03560127915217759
however,0.17013383895591208,0.2050419291512966,-0.03490809019538452,1,1,0.03490809019538452
me,0.240459930785673,0.20558221812725233,0.034877712658420656,35,32,0.034877712658420656
but,0.27400368146715254,0.23918524244869127,0.03481843901846127,12,10,0.03481843901846127
babysit,0.27613126236170926,0.241542781467489,0.03458848089422026,9,9,0.03458848089422026
home,0.22711641658136536,0.19254536982578227,0.03457104675558309,3,5,0.03457104675558309
called,0.07899723596643411,0.11282896888770574,-0.03383173292127163,1,4,0.03383173292127163
not,0.33442643943752975,0.30076002643909006,0.0336664129984397,24,25,0.0336664129984397
ahead,0.28096215083961845,0.24744478801136113,0.03351736282825732,1,1,0.03351736282825732
cooking,0.12302962976656047,0.15646324419183666,-0.03343361442527619,1,1,0.03343361442527619
are,0.10633783935568844,0.07310523613545818,0.033232603220230264,2,1,0.033232603220230264
spoken,0.36820413963484244,0.40132961552350616,-0.033125475888663714,1,1,0.033125475888663714
3,0.16078319388486034,0.19385355276091823,-0.03307035887605789,2,2,0.03307035887605789
at,0.2857599328829875,0.25333540157385026,0.03242453130913725,10,9,0.03242453130913725
if,0.2161342640142717,0.2482844710470708,-0.03215020703279911,7,5,0.03215020703279911
interview,0.6760852421734388,0.6440447414152705,0.03204050075816833,3,3,0.03204050075816833
gyaan,0.304579407111055,0.33651756114273645,-0.03193815403168143,1,1,0.03193815403168143
bills,0.2232891613939722,0.19147331469057285,0.03181584670339935,1,1,0.03181584670339935
vacation,0.37801887179948573,0.34636480988330876,0.03165406191617698,2,4,0.03165406191617698
blaming,0.19687045570997094,0.1652177395570097,0.03165271615296125,4,4,0.03165271615296125
bringing,0.5405255412890918,0.5089466736156225,0.03157886767346929,1,1,0.03157886767346929
asked,0.23939407219802944,0.20786031110762707,0.031533761090402374,8,6,0.031533761090402374
entire,0.3385114981361165,0.3071413511550926,0.03137014698102386,1,1,0.03137014698102386
time,0.12371535610837467,0.09243737851131208,0.03127797759706259,5,4,0.03127797759706259
cost,0.223972194334868,0.1927256111923027,0.031246583142565315,2,2,0.031246583142565315
day,0.14212740011356906,0.11098132348116894,0.031146076632400113,2,1,0.031146076632400113
soul,0.30733080070818747,0.27671386390488933,0.030616936803298134,1,1,0.030616936803298134
exhausted,0.2755042251063189,0.24514875239497108,0.03035547271134781,1,1,0.03035547271134781
knows,0.08384278901225617,0.11403700566576651,-0.03019421665351034,1,2,0.03019421665351034
could,0.12973797903234857,0.09998399684676886,0.029753982185579717,3,3,0.029753982185579717
laughed,0.18236483770885784,0.1527372415952138,0.029627596113644045,1,1,0.029627596113644045
typically,0.09701945187243466,0.06776418706696569,0.029255264805468972,1,1,0.029255264805468972
like,0.09688479475057271,0.12607137183711997,-0.02918657708654726,3,4,0.02918657708654726
injure,0.11160208101273766,0.08270287499897837,0.028899206013759296,1,1,0.028899206013759296
surprise,0.17151270701332924,0.20031195945782243,-0.02879925244449319,2,1,0.02879925244449319
sister,0.25287704279712686,0.28142747513228994,-0.02855043233516308,22,18,0.02855043233516308
vehicle,0.20624087232397514,0.23477328787698892,-0.02853241555301378,2,2,0.02853241555301378
laundry,0.24871712685973896,0.27719212295478696,-0.028474996095048,4,4,0.028474996095048
has,0.19622336625322975,0.16778700511727127,0.028436361135958488,6,6,0.028436361135958488
chose,0.11187016280102771,0.14027286708104747,-0.028402704280019758,1,1,0.028402704280019758
recurring,0.2877792205183778,0.3156653135981024,-0.027886093079724616,1,1,0.027886093079724616
than,0.15788268217067566,0.1301697244145563,0.027712957756119372,1,1,0.027712957756119372
"""",0.3398743227912589,0.3124294849227246,0.0274448378685343,28,32,0.0274448378685343
the,0.28376778205978637,0.31107274919537126,-0.02730496713558489,107,109,0.02730496713558489
”,0.20219729219472343,0.17521110881314297,0.02698618338158046,2,2,0.02698618338158046
mastectomy,0.12422875178158396,0.15093641697390928,-0.026707665192325314,1,1,0.026707665192325314
james,0.17538847089232365,0.1491399962592383,0.026248474633085356,4,4,0.026248474633085356
already,0.17966565470721804,0.2058921231915357,-0.026226468484317644,1,1,0.026226468484317644
nephew,0.09071134012752594,0.06487427849197815,0.02583706163554779,1,1,0.02583706163554779
grandparents,0.3537509225343724,0.32818751381108724,0.025563408723285164,14,14,0.025563408723285164
room,0.18716652974682219,0.2126349571495219,-0.025468427402699723,2,2,0.025468427402699723
always,0.2020682363690791,0.1771253189377492,0.024942917431329925,1,1,0.024942917431329925
some,0.17975204618013732,0.20438696734634215,-0.024634921166204832,2,2,0.024634921166204832
anything,0.1453064980417601,0.1209898072569061,0.024316690784854003,1,3,0.024316690784854003
half,0.22015443511221755,0.19594287322959386,0.02421156188262369,3,2,0.02421156188262369
bowel,0.19128789553885495,0.21522035414830598,-0.023932458609451035,1,1,0.023932458609451035
requires,0.11843464543835228,0.09479272203656322,0.023641923401789056,1,1,0.023641923401789056
",",0.22594692536058134,0.20233140649827555,0.023615518862305784,109,105,0.023615518862305784
girlfriends,0.8664062405856554,0.8898809880508647,-0.023474747465209278,1,1,0.023474747465209278
later,0.24365229288906867,0.2203123401316032,0.023339952757465476,1,2,0.023339952757465476
him,0.24422963113059068,0.2211719862100666,0.02305764492052409,7,6,0.02305764492052409
.,0.2815472566419108,0.25861766714942364,0.02292958949248719,585,583,0.02292958949248719
live,0.13944788914037318,0.11717356544088406,0.022274323699489118,1,1,0.022274323699489118
18f,0.07809898735829543,0.05586840990760277,0.022230577450692658,1,1,0.022230577450692658
respected,0.3148378132923164,0.3370026817398555,-0.022164868447539066,1,1,0.022164868447539066
now,0.19827746202331537,0.22024297281032404,-0.021965510787008674,2,3,0.021965510787008674
teenage,0.07961267232001472,0.05787499388450385,0.021737678435510867,1,1,0.021737678435510867
we,0.20141449121458893,0.2231102623626456,-0.02169577114805668,14,10,0.02169577114805668
25f,0.15268386820302557,0.17415264357074428,-0.021468775367718712,1,1,0.021468775367718712
petty,0.2212776587897185,0.24261418170648014,-0.021336522916761635,2,1,0.021336522916761635
mad,0.5647545439632115,0.5435266308868049,0.02122791307640659,3,3,0.02122791307640659
his,0.2977234309825122,0.31878779934655344,-0.02106436836404124,27,23,0.02106436836404124
law,0.2978514696320961,0.3187961348356365,-0.020944665203540436,4,3,0.020944665203540436
t,0.2473480940176053,0.22662323471425533,0.02072485930334997,22,22,0.02072485930334997
that,0.21754062539245458,0.23785719732287666,-0.020316571930422078,51,44,0.020316571930422078
aita,0.26754362415015087,0.28779723014367053,-0.020253605993519663,3,2,0.020253605993519663
2,0.16164694904012475,0.18182326487617134,-0.020176315836046593,1,2,0.020176315836046593
ll,0.13656763729496643,0.11660244035988643,0.019965196935080004,1,2,0.019965196935080004
spiraled,0.07997443136176964,0.060188798532753024,0.019785632829016617,1,1,0.019785632829016617
thinks,0.30094846002982917,0.281431390268256,0.01951706976157319,2,2,0.01951706976157319
supportive,0.21549733977655397,0.23497725156437765,-0.019479911787823684,2,2,0.019479911787823684
everytime,0.06942901292515,0.050612052472321784,0.018816960452828213,1,1,0.018816960452828213
27,0.06552367037501597,0.08428159580907042,-0.018757925434054454,1,1,0.018757925434054454
took,0.18222442738360248,0.16362195891139272,0.018602468472209754,2,2,0.018602468472209754
says,0.13540751959938171,0.11683706113881856,0.018570458460563155,6,5,0.018570458460563155
this,0.24547924297563564,0.22760393023827447,0.017875312737361176,23,20,0.017875312737361176
everything,0.1296915550910536,0.147524397718394,-0.017832842627340417,1,1,0.017832842627340417
start,0.15214195751188073,0.13445940595954287,0.01768255155233786,1,3,0.01768255155233786
them,0.32192113766818115,0.33932099403345695,-0.0173998563652758,3,1,0.0173998563652758
support,0.18815022659005765,0.20489779559742216,-0.016747569007364516,1,1,0.016747569007364516
for,0.28092938057563765,0.2974827224241792,-0.01655334184854157,76,74,0.01655334184854157
plus,0.2079942463161034,0.22379400809661856,-0.015799761780515176,1,1,0.015799761780515176
play,0.10342198605804524,0.11909337872955733,-0.015671392671512088,1,1,0.015671392671512088
school,0.16470533622445524,0.1802024818780131,-0.015497145653557864,6,4,0.015497145653557864
narriage,0.22678870948739374,0.2422370260762583,-0.015448316588864558,1,1,0.015448316588864558
started,0.26765797621575743,0.2528927008589411,0.01476527535681632,12,10,0.01476527535681632
15f,0.09664961926148641,0.08193540766263627,0.014714211598850141,1,2,0.014714211598850141
arguments,0.4476769194118348,0.46223067301433546,-0.014553753602500663,1,1,0.014553753602500663
and,0.2415347418426088,0.22702115621243318,0.01451358563017563,101,99,0.01451358563017563
health,0.13024962575723922,0.1158353909042118,0.014414234853027424,1,3,0.014414234853027424
tells,0.11036614105644393,0.12440095476518943,-0.0140348137087455,1,2,0.0140348137087455
gets,0.1662080951852455,0.1800577692686278,-0.01384967408338228,1,1,0.01384967408338228
makes,0.2062876982935369,0.22005914441109886,-0.013771446117561953,1,1,0.013771446117561953
dave,0.16069458636177691,0.1743488646907102,-0.01365427832893329,2,2,0.01365427832893329
manager,0.14361889173454903,0.1302094491597882,0.013409442574760844,1,1,0.013409442574760844
guess,0.2912796526444656,0.3044302683236798,-0.013150615679214217,2,2,0.013150615679214217
needs,0.2555088135596122,0.24274867700078492,0.012760136558827267,2,2,0.012760136558827267
host,0.1462197407238482,0.13389883483372078,0.01232090589012741,1,1,0.01232090589012741
had,0.1623315214789144,0.1746061337945299,-0.012274612315615524,6,7,0.012274612315615524
it,0.22201736195123403,0.23424724126511018,-0.012229879313876146,22,26,0.012229879313876146
suggested,0.987863929437334,1.0,-0.012136070562665968,1,1,0.012136070562665968
lying,0.29244153947486334,0.2804978420194285,0.011943697455434832,1,1,0.011943697455434832
last,0.15712731335745728,0.168825898992903,-0.011698585635445735,2,2,0.011698585635445735
ve,0.15258206822236703,0.16425835362032454,-0.011676285397957509,1,2,0.011676285397957509
scholarship,0.14759165427458282,0.13592364335204485,0.011668010922537969,1,1,0.011668010922537969
to,0.2274238891863787,0.21589426862419475,0.011529620562183956,55,61,0.011529620562183956
well,0.10679567721278664,0.11815783787861621,-0.011362160665829568,1,3,0.011362160665829568
giving,0.15287000504029688,0.14159816850169918,0.011271836538597702,1,1,0.011271836538597702
refusing,0.4227337373563175,0.4339474710852457,-0.011213733728928199,4,4,0.011213733728928199
arrested,0.08328848556806939,0.09435384184319219,-0.011065356275122798,1,1,0.011065356275122798
therapy,0.6448466798864543,0.6342565814062355,0.010590098480218746,5,5,0.010590098480218746
quiet,0.13720149047203178,0.12684206264074532,0.01035942783128646,1,1,0.01035942783128646
receptionists,0.22017969205349736,0.230271252704311,-0.010091560650813652,1,1,0.010091560650813652
people,0.436746516097213,0.44681323916232807,-0.01006672306511508,3,1,0.01006672306511508
),0.22545008792218219,0.21553384202354495,0.009916245898637238,34,30,0.009916245898637238
a,0.23359827481127013,0.24350085593577805,-0.009902581124507925,60,69,0.009902581124507925
lounge,0.23085876176938863,0.24027846965033609,-0.009419707880947453,1,1,0.009419707880947453
sale,0.16856553687617898,0.17754317107778791,-0.008977634201608936,1,1,0.008977634201608936
3f,0.11467260543794966,0.10583608363190926,0.008836521806040401,1,1,0.008836521806040401
waiting,0.1475965173062287,0.13885138304676137,0.008745134259467324,1,1,0.008745134259467324
accept,0.23017827390876622,0.2218815477524067,0.008296726156359513,2,1,0.008296726156359513
again,0.21485705409981257,0.20663322743527512,0.008223826664537442,2,3,0.008223826664537442
was,0.30976803400661845,0.30156357652899507,0.008204457477623384,46,46,0.008204457477623384
rounds,0.24097743493365342,0.24914158020755608,-0.008164145273902662,1,1,0.008164145273902662
bill,0.20037374800856567,0.19237966684512703,0.007994081163438638,1,1,0.007994081163438638
plans,0.1783821777099438,0.1706617503171939,0.00772042739274989,3,4,0.00772042739274989
major,0.22386167665893908,0.2315784716654571,-0.007716795006518007,1,2,0.007716795006518007
care,0.24562419623985757,0.23882025788374822,0.006803938356109346,1,1,0.006803938356109346
no,0.15498038754529594,0.16141580988597504,-0.006435422340679092,3,2,0.006435422340679092
said,0.17088289095620404,0.17716643848745042,-0.006283547531246381,2,5,0.006283547531246381
hunt,0.647116689119393,0.6532062856605195,-0.006089596541126507,1,1,0.006089596541126507
also,0.16012545378377713,0.165773574618467,-0.005648120834689879,2,5,0.005648120834689879
neurological,0.12045608562575089,0.12592684298534054,-0.005470757359589656,1,1,0.005470757359589656
(,0.19810737849667567,0.20336261512800213,-0.00525523663132646,16,17,0.00525523663132646
happened,0.09121596545380037,0.08601758624621754,0.005198379207582829,1,1,0.005198379207582829
lunch,0.10720058520361699,0.11228240828222791,-0.0050818230786109225,1,1,0.0050818230786109225
agreed,0.14132635774667146,0.13629265532823395,0.005033702418437508,3,2,0.005033702418437508
introduced,0.20762631447076446,0.20267096792049114,0.004955346550273326,2,2,0.004955346550273326
i,0.2577971783801418,0.2528448309613972,0.004952347418744618,151,147,0.004952347418744618
toks,0.427610254629063,0.43210172706202576,-0.004491472432962773,9,9,0.004491472432962773
yesterday,0.11538666836768555,0.1196169654318853,-0.004230297064199751,2,2,0.004230297064199751
final,0.09003365192324625,0.09415473293640682,-0.0041210810131605685,2,1,0.0041210810131605685
find,0.1789366102616364,0.18295655107768816,-0.004019940816051754,1,1,0.004019940816051754
lockdowns,0.35799329311520073,0.3619376813862749,-0.003944388271074184,1,1,0.003944388271074184
monthly,0.35325914854519547,0.3495149354284939,0.003744213116701589,1,2,0.003744213116701589
overjoyed,0.14168995812058657,0.1380308058296076,0.003659152290978962,1,1,0.003659152290978962
watching,0.2668466331967589,0.27047025247768336,-0.0036236192809244727,1,1,0.0036236192809244727
about,0.25025131308117726,0.25339867452596615,-0.0031473614447888876,12,16,0.0031473614447888876
years,0.14587609077516306,0.14886751276239482,-0.0029914219872317627,6,6,0.0029914219872317627
show,0.17643039214392503,0.1793998625271835,-0.0029694703832584823,2,3,0.0029694703832584823
until,0.2233807968758233,0.22558431045304497,-0.0022035135772216774,2,2,0.0022035135772216774
meant,0.1357614665067147,0.13357424414510782,0.002187222361606872,1,1,0.002187222361606872
my,0.309729987785633,0.30761070067397317,0.0021192871116598178,288,282,0.0021192871116598178
?,0.39699957776792455,0.3990334638473183,-0.002033886079393754,34,33,0.002033886079393754
pick,0.12498843868147988,0.12304781310097843,0.0019406255805014538,4,4,0.0019406255805014538
dad,0.32355499228032336,0.3253631861708697,-0.0018081938905463169,18,17,0.0018081938905463169
having,0.2537307764761446,0.2519951224453755,0.0017356540307691404,2,2,0.0017356540307691404
light,0.5143683122175464,0.514962723103087,-0.000594410885540575,1,1,0.000594410885540575
other,0.235350691501593,0.23586468132946772,-0.0005139898278747335,4,4,0.0005139898278747335
here,0.13228922744282548,0.1317825687426953,0.0005066587001301692,2,1,0.0005066587001301692
chores,0.1468778506133937,0.14651255400425284,0.0003652966091408638,1,1,0.0003652966091408638
her,0.2247133599582143,0.22495262182842224,-0.00023926187020795187,37,39,0.00023926187020795187
dobbies,1.0,1.0,0.0,1,1,0.0
daughters,1.0,1.0,0.0,1,1,0.0
argue,1.0,1.0,0.0,1,1,0.0
sunbathing,1.0,1.0,0.0,1,1,0.0
fiancee,1.0,1.0,0.0,1,1,0.0
expecting,1.0,1.0,0.0,1,1,0.0
vended,1.0,1.0,0.0,1,1,0.0
